date,alpha,beta,eta,lambda,epsilon,gamma,iota,delta,mu,omicron,alpha_rel,beta_rel,eta_rel,lambda_rel,epsilon_rel,gamma_rel,iota_rel,delta_rel,mu_rel,omicron_rel,other,other_rel,sum,ba1,ba1_rel,ba2,ba2_rel,ba3,ba3_rel
2020-01-13,0,0,0,0,0,0,0,0,0,1,0.0,0.0,0.0,0.0,0.0,0.0,0.0,0.0,0.0,1.0,0,0.0,1,1,1.0,0,0.0,0,0.0
2020-01-14,0,0,0,0,0,0,0,0,0,1,0.0,0.0,0.0,0.0,0.0,0.0,0.0,0.0,0.0,1.0,0,0.0,1,1,1.0,0,0.0,0,0.0
2020-01-29,0,0,0,0,0,0,0,0,0,0,0.0,0.0,0.0,0.0,0.0,0.0,0.0,0.0,0.0,0.0,1,1.0,1,0,0.0,0,0.0,0,0.0
2020-01-30,0,0,0,0,0,0,0,0,0,0,0.0,0.0,0.0,0.0,0.0,0.0,0.0,0.0,0.0,0.0,1,1.0,1,0,0.0,0,0.0,0,0.0
2020-01-31,0,0,0,0,0,0,0,0,0,0,0.0,0.0,0.0,0.0,0.0,0.0,0.0,0.0,0.0,0.0,1,1.0,1,0,0.0,0,0.0,0,0.0
2020-02-02,0,0,0,0,0,0,0,0,0,0,0.0,0.0,0.0,0.0,0.0,0.0,0.0,0.0,0.0,0.0,1,1.0,1,0,0.0,0,0.0,0,0.0
2020-02-23,0,0,0,0,0,0,0,0,0,0,0.0,0.0,0.0,0.0,0.0,0.0,0.0,0.0,0.0,0.0,2,1.0,2,0,0.0,0,0.0,0,0.0
2020-02-27,0,0,0,0,0,0,0,0,0,0,0.0,0.0,0.0,0.0,0.0,0.0,0.0,0.0,0.0,0.0,1,1.0,1,0,0.0,0,0.0,0,0.0
2020-02-28,1,0,0,0,0,0,0,0,0,0,1.0,0.0,0.0,0.0,0.0,0.0,0.0,0.0,0.0,0.0,0,0.0,1,0,0.0,0,0.0,0,0.0
2020-03-01,0,0,0,0,0,0,0,0,0,0,0.0,0.0,0.0,0.0,0.0,0.0,0.0,0.0,0.0,0.0,1,1.0,1,0,0.0,0,0.0,0,0.0
2020-03-02,0,0,0,0,0,0,0,0,0,0,0.0,0.0,0.0,0.0,0.0,0.0,0.0,0.0,0.0,0.0,3,1.0,3,0,0.0,0,0.0,0,0.0
2020-03-03,0,0,0,0,0,0,0,0,0,0,0.0,0.0,0.0,0.0,0.0,0.0,0.0,0.0,0.0,0.0,1,1.0,1,0,0.0,0,0.0,0,0.0
2020-03-04,0,0,0,0,0,0,0,0,0,0,0.0,0.0,0.0,0.0,0.0,0.0,0.0,0.0,0.0,0.0,5,1.0,5,0,0.0,0,0.0,0,0.0
2020-03-05,0,0,0,0,0,0,0,0,0,0,0.0,0.0,0.0,0.0,0.0,0.0,0.0,0.0,0.0,0.0,2,1.0,2,0,0.0,0,0.0,0,0.0
2020-03-06,0,0,0,0,0,0,0,0,0,0,0.0,0.0,0.0,0.0,0.0,0.0,0.0,0.0,0.0,0.0,8,1.0,8,0,0.0,0,0.0,0,0.0
2020-03-07,0,0,0,0,0,0,0,0,0,0,0.0,0.0,0.0,0.0,0.0,0.0,0.0,0.0,0.0,0.0,1,1.0,1,0,0.0,0,0.0,0,0.0
2020-03-08,0,0,0,0,0,0,0,0,0,0,0.0,0.0,0.0,0.0,0.0,0.0,0.0,0.0,0.0,0.0,3,1.0,3,0,0.0,0,0.0,0,0.0
2020-03-09,0,0,0,0,0,0,0,0,0,0,0.0,0.0,0.0,0.0,0.0,0.0,0.0,0.0,0.0,0.0,7,1.0,7,0,0.0,0,0.0,0,0.0
2020-03-10,0,0,0,0,0,0,0,0,0,0,0.0,0.0,0.0,0.0,0.0,0.0,0.0,0.0,0.0,0.0,2,1.0,2,0,0.0,0,0.0,0,0.0
2020-03-11,0,0,0,0,0,0,0,0,0,0,0.0,0.0,0.0,0.0,0.0,0.0,0.0,0.0,0.0,0.0,14,1.0,14,0,0.0,0,0.0,0,0.0
2020-03-12,0,0,0,0,0,0,0,0,0,0,0.0,0.0,0.0,0.0,0.0,0.0,0.0,0.0,0.0,0.0,2,1.0,2,0,0.0,0,0.0,0,0.0
2020-03-13,0,0,0,0,0,0,0,0,0,0,0.0,0.0,0.0,0.0,0.0,0.0,0.0,0.0,0.0,0.0,4,1.0,4,0,0.0,0,0.0,0,0.0
2020-03-14,0,0,0,0,0,0,0,0,0,0,0.0,0.0,0.0,0.0,0.0,0.0,0.0,0.0,0.0,0.0,4,1.0,4,0,0.0,0,0.0,0,0.0
2020-03-15,0,0,0,0,0,0,0,0,0,0,0.0,0.0,0.0,0.0,0.0,0.0,0.0,0.0,0.0,0.0,4,1.0,4,0,0.0,0,0.0,0,0.0
2020-03-16,0,0,0,0,0,0,0,0,0,0,0.0,0.0,0.0,0.0,0.0,0.0,0.0,0.0,0.0,0.0,7,1.0,7,0,0.0,0,0.0,0,0.0
2020-03-17,0,0,0,0,0,0,0,0,0,0,0.0,0.0,0.0,0.0,0.0,0.0,0.0,0.0,0.0,0.0,4,1.0,4,0,0.0,0,0.0,0,0.0
2020-03-18,0,0,0,0,0,0,0,0,0,0,0.0,0.0,0.0,0.0,0.0,0.0,0.0,0.0,0.0,0.0,7,1.0,7,0,0.0,0,0.0,0,0.0
2020-03-19,0,0,0,0,0,0,0,0,0,0,0.0,0.0,0.0,0.0,0.0,0.0,0.0,0.0,0.0,0.0,5,1.0,5,0,0.0,0,0.0,0,0.0
2020-03-20,0,0,0,0,0,0,0,0,0,0,0.0,0.0,0.0,0.0,0.0,0.0,0.0,0.0,0.0,0.0,4,1.0,4,0,0.0,0,0.0,0,0.0
2020-03-21,0,0,0,0,0,0,0,0,0,0,0.0,0.0,0.0,0.0,0.0,0.0,0.0,0.0,0.0,0.0,6,1.0,6,0,0.0,0,0.0,0,0.0
2020-03-22,0,0,0,0,0,0,0,0,0,0,0.0,0.0,0.0,0.0,0.0,0.0,0.0,0.0,0.0,0.0,2,1.0,2,0,0.0,0,0.0,0,0.0
2020-03-23,0,0,0,0,0,0,0,0,0,0,0.0,0.0,0.0,0.0,0.0,0.0,0.0,0.0,0.0,0.0,10,1.0,10,0,0.0,0,0.0,0,0.0
2020-03-24,0,0,0,0,0,0,0,0,0,0,0.0,0.0,0.0,0.0,0.0,0.0,0.0,0.0,0.0,0.0,14,1.0,14,0,0.0,0,0.0,0,0.0
2020-03-25,0,0,0,0,0,0,0,0,0,0,0.0,0.0,0.0,0.0,0.0,0.0,0.0,0.0,0.0,0.0,9,1.0,9,0,0.0,0,0.0,0,0.0
2020-03-26,0,0,0,0,0,0,0,0,0,0,0.0,0.0,0.0,0.0,0.0,0.0,0.0,0.0,0.0,0.0,9,1.0,9,0,0.0,0,0.0,0,0.0
2020-03-28,0,0,0,0,0,0,0,0,0,0,0.0,0.0,0.0,0.0,0.0,0.0,0.0,0.0,0.0,0.0,4,1.0,4,0,0.0,0,0.0,0,0.0
2020-03-29,0,0,0,0,0,0,0,0,0,0,0.0,0.0,0.0,0.0,0.0,0.0,0.0,0.0,0.0,0.0,5,1.0,5,0,0.0,0,0.0,0,0.0
2020-03-30,0,0,0,0,0,0,0,0,0,0,0.0,0.0,0.0,0.0,0.0,0.0,0.0,0.0,0.0,0.0,8,1.0,8,0,0.0,0,0.0,0,0.0
2020-04-01,0,0,0,0,0,0,0,0,0,0,0.0,0.0,0.0,0.0,0.0,0.0,0.0,0.0,0.0,0.0,4,1.0,4,0,0.0,0,0.0,0,0.0
2020-04-02,0,0,0,0,0,0,0,0,0,0,0.0,0.0,0.0,0.0,0.0,0.0,0.0,0.0,0.0,0.0,6,1.0,6,0,0.0,0,0.0,0,0.0
2020-04-03,0,0,0,0,0,0,0,0,0,0,0.0,0.0,0.0,0.0,0.0,0.0,0.0,0.0,0.0,0.0,3,1.0,3,0,0.0,0,0.0,0,0.0
2020-04-06,0,0,0,0,0,0,0,0,0,0,0.0,0.0,0.0,0.0,0.0,0.0,0.0,0.0,0.0,0.0,3,1.0,3,0,0.0,0,0.0,0,0.0
2020-04-07,0,0,0,0,0,0,0,0,0,0,0.0,0.0,0.0,0.0,0.0,0.0,0.0,0.0,0.0,0.0,2,1.0,2,0,0.0,0,0.0,0,0.0
2020-04-09,0,0,0,0,0,0,0,0,0,0,0.0,0.0,0.0,0.0,0.0,0.0,0.0,0.0,0.0,0.0,3,1.0,3,0,0.0,0,0.0,0,0.0
2020-04-11,0,0,0,0,0,0,0,0,0,0,0.0,0.0,0.0,0.0,0.0,0.0,0.0,0.0,0.0,0.0,2,1.0,2,0,0.0,0,0.0,0,0.0
2020-04-13,0,0,0,0,0,0,0,0,0,0,0.0,0.0,0.0,0.0,0.0,0.0,0.0,0.0,0.0,0.0,2,1.0,2,0,0.0,0,0.0,0,0.0
2020-04-16,0,0,0,0,0,0,0,0,0,0,0.0,0.0,0.0,0.0,0.0,0.0,0.0,0.0,0.0,0.0,2,1.0,2,0,0.0,0,0.0,0,0.0
2020-04-17,0,0,0,0,0,0,0,0,0,0,0.0,0.0,0.0,0.0,0.0,0.0,0.0,0.0,0.0,0.0,1,1.0,1,0,0.0,0,0.0,0,0.0
2020-04-18,0,0,0,0,0,0,0,0,0,0,0.0,0.0,0.0,0.0,0.0,0.0,0.0,0.0,0.0,0.0,6,1.0,6,0,0.0,0,0.0,0,0.0
2020-04-20,0,0,0,0,0,0,0,0,0,0,0.0,0.0,0.0,0.0,0.0,0.0,0.0,0.0,0.0,0.0,5,1.0,5,0,0.0,0,0.0,0,0.0
2020-04-21,0,0,0,0,0,0,0,0,0,0,0.0,0.0,0.0,0.0,0.0,0.0,0.0,0.0,0.0,0.0,4,1.0,4,0,0.0,0,0.0,0,0.0
2020-04-23,0,0,0,0,0,0,0,0,0,0,0.0,0.0,0.0,0.0,0.0,0.0,0.0,0.0,0.0,0.0,2,1.0,2,0,0.0,0,0.0,0,0.0
2020-04-27,0,0,0,0,0,0,0,0,0,0,0.0,0.0,0.0,0.0,0.0,0.0,0.0,0.0,0.0,0.0,1,1.0,1,0,0.0,0,0.0,0,0.0
2020-05-04,0,0,0,0,0,0,0,0,0,0,0.0,0.0,0.0,0.0,0.0,0.0,0.0,0.0,0.0,0.0,3,1.0,3,0,0.0,0,0.0,0,0.0
2020-05-08,0,0,0,0,0,0,0,0,0,0,0.0,0.0,0.0,0.0,0.0,0.0,0.0,0.0,0.0,0.0,3,1.0,3,0,0.0,0,0.0,0,0.0
2020-05-11,0,0,0,0,0,0,0,0,0,0,0.0,0.0,0.0,0.0,0.0,0.0,0.0,0.0,0.0,0.0,1,1.0,1,0,0.0,0,0.0,0,0.0
2020-05-12,0,0,0,0,0,0,0,0,0,0,0.0,0.0,0.0,0.0,0.0,0.0,0.0,0.0,0.0,0.0,2,1.0,2,0,0.0,0,0.0,0,0.0
2020-05-18,0,0,0,0,0,0,0,0,0,0,0.0,0.0,0.0,0.0,0.0,0.0,0.0,0.0,0.0,0.0,1,1.0,1,0,0.0,0,0.0,0,0.0
2020-05-21,0,0,0,0,0,0,0,0,0,0,0.0,0.0,0.0,0.0,0.0,0.0,0.0,0.0,0.0,0.0,1,1.0,1,0,0.0,0,0.0,0,0.0
2020-05-25,2,0,0,0,0,0,0,0,0,0,1.0,0.0,0.0,0.0,0.0,0.0,0.0,0.0,0.0,0.0,0,0.0,2,0,0.0,0,0.0,0,0.0
2020-05-27,1,0,0,0,0,0,0,0,0,0,1.0,0.0,0.0,0.0,0.0,0.0,0.0,0.0,0.0,0.0,0,0.0,1,0,0.0,0,0.0,0,0.0
2020-06-02,0,0,0,0,0,0,0,0,0,0,0.0,0.0,0.0,0.0,0.0,0.0,0.0,0.0,0.0,0.0,1,1.0,1,0,0.0,0,0.0,0,0.0
2020-06-03,0,0,0,0,0,0,0,0,0,0,0.0,0.0,0.0,0.0,0.0,0.0,0.0,0.0,0.0,0.0,4,1.0,4,0,0.0,0,0.0,0,0.0
2020-06-27,0,0,0,0,0,0,0,0,0,0,0.0,0.0,0.0,0.0,0.0,0.0,0.0,0.0,0.0,0.0,1,1.0,1,0,0.0,0,0.0,0,0.0
2020-06-29,0,0,0,0,0,0,0,0,0,0,0.0,0.0,0.0,0.0,0.0,0.0,0.0,0.0,0.0,0.0,1,1.0,1,0,0.0,0,0.0,0,0.0
2020-07-03,0,0,0,0,0,0,0,0,0,0,0.0,0.0,0.0,0.0,0.0,0.0,0.0,0.0,0.0,0.0,1,1.0,1,0,0.0,0,0.0,0,0.0
2020-07-07,0,0,0,0,0,0,0,0,0,0,0.0,0.0,0.0,0.0,0.0,0.0,0.0,0.0,0.0,0.0,1,1.0,1,0,0.0,0,0.0,0,0.0
2020-08-10,0,0,0,0,0,0,0,0,0,0,0.0,0.0,0.0,0.0,0.0,0.0,0.0,0.0,0.0,0.0,1,1.0,1,0,0.0,0,0.0,0,0.0
2020-08-19,0,0,0,0,0,0,0,0,0,0,0.0,0.0,0.0,0.0,0.0,0.0,0.0,0.0,0.0,0.0,1,1.0,1,0,0.0,0,0.0,0,0.0
2020-08-21,0,0,0,0,0,0,0,1,0,0,0.0,0.0,0.0,0.0,0.0,0.0,0.0,1.0,0.0,0.0,0,0.0,1,0,0.0,0,0.0,0,0.0
2020-08-25,0,0,0,0,0,0,0,0,0,0,0.0,0.0,0.0,0.0,0.0,0.0,0.0,0.0,0.0,0.0,1,1.0,1,0,0.0,0,0.0,0,0.0
2020-08-26,0,0,0,0,0,0,0,0,0,0,0.0,0.0,0.0,0.0,0.0,0.0,0.0,0.0,0.0,0.0,1,1.0,1,0,0.0,0,0.0,0,0.0
2020-08-31,0,0,0,0,0,0,0,0,0,0,0.0,0.0,0.0,0.0,0.0,0.0,0.0,0.0,0.0,0.0,1,1.0,1,0,0.0,0,0.0,0,0.0
2020-09-03,0,0,0,0,0,0,0,0,0,0,0.0,0.0,0.0,0.0,0.0,0.0,0.0,0.0,0.0,0.0,3,1.0,3,0,0.0,0,0.0,0,0.0
2020-09-07,0,0,0,0,0,0,0,0,0,0,0.0,0.0,0.0,0.0,0.0,0.0,0.0,0.0,0.0,0.0,1,1.0,1,0,0.0,0,0.0,0,0.0
2020-09-10,0,0,0,0,0,0,0,0,0,0,0.0,0.0,0.0,0.0,0.0,0.0,0.0,0.0,0.0,0.0,2,1.0,2,0,0.0,0,0.0,0,0.0
2020-09-14,0,0,0,0,0,0,0,0,0,0,0.0,0.0,0.0,0.0,0.0,0.0,0.0,0.0,0.0,0.0,2,1.0,2,0,0.0,0,0.0,0,0.0
2020-09-15,0,0,0,0,0,0,0,0,0,0,0.0,0.0,0.0,0.0,0.0,0.0,0.0,0.0,0.0,0.0,1,1.0,1,0,0.0,0,0.0,0,0.0
2020-09-16,0,0,0,0,0,0,0,0,0,0,0.0,0.0,0.0,0.0,0.0,0.0,0.0,0.0,0.0,0.0,4,1.0,4,0,0.0,0,0.0,0,0.0
2020-09-17,0,0,0,0,0,0,0,0,0,0,0.0,0.0,0.0,0.0,0.0,0.0,0.0,0.0,0.0,0.0,3,1.0,3,0,0.0,0,0.0,0,0.0
2020-09-18,0,0,0,0,0,0,0,0,0,0,0.0,0.0,0.0,0.0,0.0,0.0,0.0,0.0,0.0,0.0,1,1.0,1,0,0.0,0,0.0,0,0.0
2020-09-19,0,0,0,0,0,0,0,0,0,0,0.0,0.0,0.0,0.0,0.0,0.0,0.0,0.0,0.0,0.0,2,1.0,2,0,0.0,0,0.0,0,0.0
2020-09-20,0,0,0,0,0,0,0,0,0,0,0.0,0.0,0.0,0.0,0.0,0.0,0.0,0.0,0.0,0.0,1,1.0,1,0,0.0,0,0.0,0,0.0
2020-09-21,0,0,0,0,0,0,0,0,0,0,0.0,0.0,0.0,0.0,0.0,0.0,0.0,0.0,0.0,0.0,1,1.0,1,0,0.0,0,0.0,0,0.0
2020-09-22,0,0,0,0,0,0,0,0,0,0,0.0,0.0,0.0,0.0,0.0,0.0,0.0,0.0,0.0,0.0,2,1.0,2,0,0.0,0,0.0,0,0.0
2020-09-23,0,0,0,0,0,0,0,0,0,0,0.0,0.0,0.0,0.0,0.0,0.0,0.0,0.0,0.0,0.0,2,1.0,2,0,0.0,0,0.0,0,0.0
2020-09-24,0,0,0,0,0,0,0,0,0,0,0.0,0.0,0.0,0.0,0.0,0.0,0.0,0.0,0.0,0.0,4,1.0,4,0,0.0,0,0.0,0,0.0
2020-09-25,0,0,0,0,0,0,0,0,0,0,0.0,0.0,0.0,0.0,0.0,0.0,0.0,0.0,0.0,0.0,1,1.0,1,0,0.0,0,0.0,0,0.0
2020-09-26,0,0,0,0,0,0,0,0,0,0,0.0,0.0,0.0,0.0,0.0,0.0,0.0,0.0,0.0,0.0,1,1.0,1,0,0.0,0,0.0,0,0.0
2020-09-27,0,0,0,0,0,0,0,0,0,0,0.0,0.0,0.0,0.0,0.0,0.0,0.0,0.0,0.0,0.0,3,1.0,3,0,0.0,0,0.0,0,0.0
2020-09-28,0,0,0,0,0,0,0,0,0,0,0.0,0.0,0.0,0.0,0.0,0.0,0.0,0.0,0.0,0.0,1,1.0,1,0,0.0,0,0.0,0,0.0
2020-09-29,0,0,0,0,0,0,0,0,0,0,0.0,0.0,0.0,0.0,0.0,0.0,0.0,0.0,0.0,0.0,3,1.0,3,0,0.0,0,0.0,0,0.0
2020-09-30,0,0,0,0,0,0,0,0,0,0,0.0,0.0,0.0,0.0,0.0,0.0,0.0,0.0,0.0,0.0,5,1.0,5,0,0.0,0,0.0,0,0.0
2020-10-01,0,0,0,0,0,0,0,0,0,0,0.0,0.0,0.0,0.0,0.0,0.0,0.0,0.0,0.0,0.0,4,1.0,4,0,0.0,0,0.0,0,0.0
2020-10-02,0,0,0,0,0,0,0,0,0,0,0.0,0.0,0.0,0.0,0.0,0.0,0.0,0.0,0.0,0.0,2,1.0,2,0,0.0,0,0.0,0,0.0
2020-10-04,0,0,0,0,0,0,0,0,0,0,0.0,0.0,0.0,0.0,0.0,0.0,0.0,0.0,0.0,0.0,2,1.0,2,0,0.0,0,0.0,0,0.0
2020-10-05,0,0,0,0,0,0,0,0,0,0,0.0,0.0,0.0,0.0,0.0,0.0,0.0,0.0,0.0,0.0,3,1.0,3,0,0.0,0,0.0,0,0.0
2020-10-06,0,0,0,0,0,0,0,0,0,0,0.0,0.0,0.0,0.0,0.0,0.0,0.0,0.0,0.0,0.0,3,1.0,3,0,0.0,0,0.0,0,0.0
2020-10-07,0,0,0,0,0,0,0,0,0,0,0.0,0.0,0.0,0.0,0.0,0.0,0.0,0.0,0.0,0.0,3,1.0,3,0,0.0,0,0.0,0,0.0
2020-10-08,0,0,0,0,0,0,0,0,0,0,0.0,0.0,0.0,0.0,0.0,0.0,0.0,0.0,0.0,0.0,1,1.0,1,0,0.0,0,0.0,0,0.0
2020-10-09,0,0,0,0,0,0,0,0,0,0,0.0,0.0,0.0,0.0,0.0,0.0,0.0,0.0,0.0,0.0,9,1.0,9,0,0.0,0,0.0,0,0.0
2020-10-10,0,0,0,0,0,0,0,0,0,0,0.0,0.0,0.0,0.0,0.0,0.0,0.0,0.0,0.0,0.0,9,1.0,9,0,0.0,0,0.0,0,0.0
2020-10-11,0,0,0,0,0,0,0,0,0,0,0.0,0.0,0.0,0.0,0.0,0.0,0.0,0.0,0.0,0.0,15,1.0,15,0,0.0,0,0.0,0,0.0
2020-10-12,0,0,0,0,0,0,0,0,0,0,0.0,0.0,0.0,0.0,0.0,0.0,0.0,0.0,0.0,0.0,5,1.0,5,0,0.0,0,0.0,0,0.0
2020-10-13,0,0,0,0,0,0,0,0,0,0,0.0,0.0,0.0,0.0,0.0,0.0,0.0,0.0,0.0,0.0,7,1.0,7,0,0.0,0,0.0,0,0.0
2020-10-14,0,0,0,0,0,0,0,0,0,0,0.0,0.0,0.0,0.0,0.0,0.0,0.0,0.0,0.0,0.0,15,1.0,15,0,0.0,0,0.0,0,0.0
2020-10-15,0,0,0,0,0,0,0,0,0,0,0.0,0.0,0.0,0.0,0.0,0.0,0.0,0.0,0.0,0.0,14,1.0,14,0,0.0,0,0.0,0,0.0
2020-10-16,0,0,0,0,0,0,0,0,0,0,0.0,0.0,0.0,0.0,0.0,0.0,0.0,0.0,0.0,0.0,1,1.0,1,0,0.0,0,0.0,0,0.0
2020-10-17,0,0,0,0,0,0,0,1,0,0,0.0,0.0,0.0,0.0,0.0,0.0,0.0,0.3333333333333333,0.0,0.0,2,0.6666666666666666,3,0,0.0,0,0.0,0,0.0
2020-10-18,0,0,0,0,0,0,0,0,0,0,0.0,0.0,0.0,0.0,0.0,0.0,0.0,0.0,0.0,0.0,4,1.0,4,0,0.0,0,0.0,0,0.0
2020-10-19,0,0,0,0,0,0,0,0,0,0,0.0,0.0,0.0,0.0,0.0,0.0,0.0,0.0,0.0,0.0,7,1.0,7,0,0.0,0,0.0,0,0.0
2020-10-20,0,0,0,0,0,0,0,0,0,0,0.0,0.0,0.0,0.0,0.0,0.0,0.0,0.0,0.0,0.0,12,1.0,12,0,0.0,0,0.0,0,0.0
2020-10-21,0,0,0,0,0,0,0,0,0,0,0.0,0.0,0.0,0.0,0.0,0.0,0.0,0.0,0.0,0.0,4,1.0,4,0,0.0,0,0.0,0,0.0
2020-10-22,0,0,0,0,0,0,0,0,0,0,0.0,0.0,0.0,0.0,0.0,0.0,0.0,0.0,0.0,0.0,12,1.0,12,0,0.0,0,0.0,0,0.0
2020-10-23,0,0,0,0,0,0,0,0,0,0,0.0,0.0,0.0,0.0,0.0,0.0,0.0,0.0,0.0,0.0,7,1.0,7,0,0.0,0,0.0,0,0.0
2020-10-24,0,0,0,0,0,0,0,0,0,0,0.0,0.0,0.0,0.0,0.0,0.0,0.0,0.0,0.0,0.0,9,1.0,9,0,0.0,0,0.0,0,0.0
2020-10-25,0,0,0,0,0,0,0,0,0,0,0.0,0.0,0.0,0.0,0.0,0.0,0.0,0.0,0.0,0.0,12,1.0,12,0,0.0,0,0.0,0,0.0
2020-10-26,0,0,0,0,0,0,0,0,0,0,0.0,0.0,0.0,0.0,0.0,0.0,0.0,0.0,0.0,0.0,1,1.0,1,0,0.0,0,0.0,0,0.0
2020-10-27,0,0,0,0,0,0,0,0,0,0,0.0,0.0,0.0,0.0,0.0,0.0,0.0,0.0,0.0,0.0,10,1.0,10,0,0.0,0,0.0,0,0.0
2020-10-28,0,0,0,0,0,0,0,0,0,0,0.0,0.0,0.0,0.0,0.0,0.0,0.0,0.0,0.0,0.0,5,1.0,5,0,0.0,0,0.0,0,0.0
2020-10-29,0,0,0,0,0,0,0,0,0,0,0.0,0.0,0.0,0.0,0.0,0.0,0.0,0.0,0.0,0.0,5,1.0,5,0,0.0,0,0.0,0,0.0
2020-10-30,0,0,0,0,0,0,0,0,0,0,0.0,0.0,0.0,0.0,0.0,0.0,0.0,0.0,0.0,0.0,11,1.0,11,0,0.0,0,0.0,0,0.0
2020-10-31,0,0,0,0,0,0,0,0,0,0,0.0,0.0,0.0,0.0,0.0,0.0,0.0,0.0,0.0,0.0,11,1.0,11,0,0.0,0,0.0,0,0.0
2020-11-02,0,0,0,0,0,0,0,0,0,0,0.0,0.0,0.0,0.0,0.0,0.0,0.0,0.0,0.0,0.0,3,1.0,3,0,0.0,0,0.0,0,0.0
2020-11-03,0,0,0,0,0,0,0,0,0,0,0.0,0.0,0.0,0.0,0.0,0.0,0.0,0.0,0.0,0.0,3,1.0,3,0,0.0,0,0.0,0,0.0
2020-11-04,0,0,0,0,0,0,0,0,0,0,0.0,0.0,0.0,0.0,0.0,0.0,0.0,0.0,0.0,0.0,2,1.0,2,0,0.0,0,0.0,0,0.0
2020-11-05,0,0,0,0,0,0,0,0,0,0,0.0,0.0,0.0,0.0,0.0,0.0,0.0,0.0,0.0,0.0,2,1.0,2,0,0.0,0,0.0,0,0.0
2020-11-06,0,0,0,0,0,0,0,0,0,0,0.0,0.0,0.0,0.0,0.0,0.0,0.0,0.0,0.0,0.0,5,1.0,5,0,0.0,0,0.0,0,0.0
2020-11-07,0,0,0,0,0,0,0,0,0,0,0.0,0.0,0.0,0.0,0.0,0.0,0.0,0.0,0.0,0.0,1,1.0,1,0,0.0,0,0.0,0,0.0
2020-11-08,0,0,0,0,0,0,0,0,0,0,0.0,0.0,0.0,0.0,0.0,0.0,0.0,0.0,0.0,0.0,3,1.0,3,0,0.0,0,0.0,0,0.0
2020-11-09,0,0,0,0,0,0,0,0,0,0,0.0,0.0,0.0,0.0,0.0,0.0,0.0,0.0,0.0,0.0,4,1.0,4,0,0.0,0,0.0,0,0.0
2020-11-10,0,0,0,0,0,0,0,0,0,0,0.0,0.0,0.0,0.0,0.0,0.0,0.0,0.0,0.0,0.0,4,1.0,4,0,0.0,0,0.0,0,0.0
2020-11-11,0,0,0,0,0,0,0,0,0,0,0.0,0.0,0.0,0.0,0.0,0.0,0.0,0.0,0.0,0.0,17,1.0,17,0,0.0,0,0.0,0,0.0
2020-11-12,0,0,0,0,0,0,0,0,0,0,0.0,0.0,0.0,0.0,0.0,0.0,0.0,0.0,0.0,0.0,4,1.0,4,0,0.0,0,0.0,0,0.0
2020-11-13,0,0,0,0,0,0,0,0,0,0,0.0,0.0,0.0,0.0,0.0,0.0,0.0,0.0,0.0,0.0,6,1.0,6,0,0.0,0,0.0,0,0.0
2020-11-14,0,0,0,0,0,0,0,0,0,0,0.0,0.0,0.0,0.0,0.0,0.0,0.0,0.0,0.0,0.0,5,1.0,5,0,0.0,0,0.0,0,0.0
2020-11-15,0,0,0,0,0,0,0,0,0,0,0.0,0.0,0.0,0.0,0.0,0.0,0.0,0.0,0.0,0.0,1,1.0,1,0,0.0,0,0.0,0,0.0
2020-11-16,0,0,0,0,0,0,0,0,0,0,0.0,0.0,0.0,0.0,0.0,0.0,0.0,0.0,0.0,0.0,5,1.0,5,0,0.0,0,0.0,0,0.0
2020-11-17,0,0,0,0,0,0,0,0,0,0,0.0,0.0,0.0,0.0,0.0,0.0,0.0,0.0,0.0,0.0,13,1.0,13,0,0.0,0,0.0,0,0.0
2020-11-18,0,0,0,0,0,0,0,0,0,0,0.0,0.0,0.0,0.0,0.0,0.0,0.0,0.0,0.0,0.0,40,1.0,40,0,0.0,0,0.0,0,0.0
2020-11-19,0,0,0,0,0,0,0,0,0,0,0.0,0.0,0.0,0.0,0.0,0.0,0.0,0.0,0.0,0.0,5,1.0,5,0,0.0,0,0.0,0,0.0
2020-11-20,0,0,0,0,0,0,0,0,0,0,0.0,0.0,0.0,0.0,0.0,0.0,0.0,0.0,0.0,0.0,10,1.0,10,0,0.0,0,0.0,0,0.0
2020-11-21,0,0,0,0,0,0,0,0,0,0,0.0,0.0,0.0,0.0,0.0,0.0,0.0,0.0,0.0,0.0,2,1.0,2,0,0.0,0,0.0,0,0.0
2020-11-22,0,0,0,0,0,0,0,0,0,0,0.0,0.0,0.0,0.0,0.0,0.0,0.0,0.0,0.0,0.0,7,1.0,7,0,0.0,0,0.0,0,0.0
2020-11-23,0,0,0,0,0,0,0,0,0,0,0.0,0.0,0.0,0.0,0.0,0.0,0.0,0.0,0.0,0.0,14,1.0,14,0,0.0,0,0.0,0,0.0
2020-11-24,0,0,0,0,0,0,0,0,0,0,0.0,0.0,0.0,0.0,0.0,0.0,0.0,0.0,0.0,0.0,71,1.0,71,0,0.0,0,0.0,0,0.0
2020-11-25,0,0,0,0,0,0,0,0,0,0,0.0,0.0,0.0,0.0,0.0,0.0,0.0,0.0,0.0,0.0,12,1.0,12,0,0.0,0,0.0,0,0.0
2020-11-26,0,0,0,0,0,0,0,0,0,0,0.0,0.0,0.0,0.0,0.0,0.0,0.0,0.0,0.0,0.0,20,1.0,20,0,0.0,0,0.0,0,0.0
2020-11-27,0,0,0,0,0,0,0,0,0,0,0.0,0.0,0.0,0.0,0.0,0.0,0.0,0.0,0.0,0.0,6,1.0,6,0,0.0,0,0.0,0,0.0
2020-11-28,0,0,0,0,0,0,0,0,0,0,0.0,0.0,0.0,0.0,0.0,0.0,0.0,0.0,0.0,0.0,4,1.0,4,0,0.0,0,0.0,0,0.0
2020-11-29,0,0,0,0,0,0,0,0,0,0,0.0,0.0,0.0,0.0,0.0,0.0,0.0,0.0,0.0,0.0,2,1.0,2,0,0.0,0,0.0,0,0.0
2020-11-30,0,0,0,0,0,0,0,0,0,0,0.0,0.0,0.0,0.0,0.0,0.0,0.0,0.0,0.0,0.0,7,1.0,7,0,0.0,0,0.0,0,0.0
2020-12-01,0,0,0,0,0,0,0,0,0,0,0.0,0.0,0.0,0.0,0.0,0.0,0.0,0.0,0.0,0.0,8,1.0,8,0,0.0,0,0.0,0,0.0
2020-12-02,1,0,0,0,0,0,0,0,0,0,0.16666666666666666,0.0,0.0,0.0,0.0,0.0,0.0,0.0,0.0,0.0,5,0.8333333333333334,6,0,0.0,0,0.0,0,0.0
2020-12-03,0,0,0,0,0,0,0,0,0,0,0.0,0.0,0.0,0.0,0.0,0.0,0.0,0.0,0.0,0.0,14,1.0,14,0,0.0,0,0.0,0,0.0
2020-12-04,0,0,0,0,0,0,0,0,0,0,0.0,0.0,0.0,0.0,0.0,0.0,0.0,0.0,0.0,0.0,12,1.0,12,0,0.0,0,0.0,0,0.0
2020-12-05,0,0,0,0,0,0,0,0,0,0,0.0,0.0,0.0,0.0,0.0,0.0,0.0,0.0,0.0,0.0,8,1.0,8,0,0.0,0,0.0,0,0.0
2020-12-06,0,0,0,0,0,0,0,0,0,0,0.0,0.0,0.0,0.0,0.0,0.0,0.0,0.0,0.0,0.0,1,1.0,1,0,0.0,0,0.0,0,0.0
2020-12-07,0,0,0,0,0,0,0,0,0,0,0.0,0.0,0.0,0.0,0.0,0.0,0.0,0.0,0.0,0.0,18,1.0,18,0,0.0,0,0.0,0,0.0
2020-12-08,0,0,0,0,0,0,0,0,0,0,0.0,0.0,0.0,0.0,0.0,0.0,0.0,0.0,0.0,0.0,37,1.0,37,0,0.0,0,0.0,0,0.0
2020-12-09,0,0,0,0,0,0,0,0,0,0,0.0,0.0,0.0,0.0,0.0,0.0,0.0,0.0,0.0,0.0,23,1.0,23,0,0.0,0,0.0,0,0.0
2020-12-10,0,0,0,0,0,0,0,0,0,0,0.0,0.0,0.0,0.0,0.0,0.0,0.0,0.0,0.0,0.0,8,1.0,8,0,0.0,0,0.0,0,0.0
2020-12-11,0,0,0,0,0,0,0,0,0,0,0.0,0.0,0.0,0.0,0.0,0.0,0.0,0.0,0.0,0.0,19,1.0,19,0,0.0,0,0.0,0,0.0
2020-12-12,0,0,0,0,0,0,0,0,0,0,0.0,0.0,0.0,0.0,0.0,0.0,0.0,0.0,0.0,0.0,5,1.0,5,0,0.0,0,0.0,0,0.0
2020-12-13,0,0,0,0,0,0,0,0,0,0,0.0,0.0,0.0,0.0,0.0,0.0,0.0,0.0,0.0,0.0,4,1.0,4,0,0.0,0,0.0,0,0.0
2020-12-14,0,0,0,0,0,0,0,0,0,0,0.0,0.0,0.0,0.0,0.0,0.0,0.0,0.0,0.0,0.0,29,1.0,29,0,0.0,0,0.0,0,0.0
2020-12-15,0,0,0,0,0,0,0,0,0,0,0.0,0.0,0.0,0.0,0.0,0.0,0.0,0.0,0.0,0.0,12,1.0,12,0,0.0,0,0.0,0,0.0
2020-12-16,0,0,0,0,0,0,0,0,0,0,0.0,0.0,0.0,0.0,0.0,0.0,0.0,0.0,0.0,0.0,10,1.0,10,0,0.0,0,0.0,0,0.0
2020-12-17,0,0,0,0,0,0,0,0,0,0,0.0,0.0,0.0,0.0,0.0,0.0,0.0,0.0,0.0,0.0,6,1.0,6,0,0.0,0,0.0,0,0.0
2020-12-18,0,0,0,0,0,0,0,0,0,0,0.0,0.0,0.0,0.0,0.0,0.0,0.0,0.0,0.0,0.0,12,1.0,12,0,0.0,0,0.0,0,0.0
2020-12-19,0,0,0,0,0,0,0,0,0,0,0.0,0.0,0.0,0.0,0.0,0.0,0.0,0.0,0.0,0.0,4,1.0,4,0,0.0,0,0.0,0,0.0
2020-12-20,0,0,0,0,0,0,0,0,0,0,0.0,0.0,0.0,0.0,0.0,0.0,0.0,0.0,0.0,0.0,7,1.0,7,0,0.0,0,0.0,0,0.0
2020-12-21,1,0,0,0,0,0,0,0,0,0,0.038461538461538464,0.0,0.0,0.0,0.0,0.0,0.0,0.0,0.0,0.0,25,0.9615384615384616,26,0,0.0,0,0.0,0,0.0
2020-12-22,0,0,0,0,0,0,0,0,0,1,0.0,0.0,0.0,0.0,0.0,0.0,0.0,0.0,0.0,0.09090909090909091,10,0.9090909090909091,11,1,0.09090909090909091,0,0.0,0,0.0
2020-12-23,1,0,0,0,0,0,0,0,0,0,0.0625,0.0,0.0,0.0,0.0,0.0,0.0,0.0,0.0,0.0,15,0.9375,16,0,0.0,0,0.0,0,0.0
2020-12-24,0,0,0,0,0,0,0,0,0,0,0.0,0.0,0.0,0.0,0.0,0.0,0.0,0.0,0.0,0.0,6,1.0,6,0,0.0,0,0.0,0,0.0
2020-12-25,0,0,0,0,0,0,0,0,0,0,0.0,0.0,0.0,0.0,0.0,0.0,0.0,0.0,0.0,0.0,8,1.0,8,0,0.0,0,0.0,0,0.0
2020-12-26,0,0,0,0,0,0,0,0,0,1,0.0,0.0,0.0,0.0,0.0,0.0,0.0,0.0,0.0,0.16666666666666666,5,0.8333333333333334,6,1,0.16666666666666666,0,0.0,0,0.0
2020-12-27,0,0,0,0,0,0,0,0,0,0,0.0,0.0,0.0,0.0,0.0,0.0,0.0,0.0,0.0,0.0,10,1.0,10,0,0.0,0,0.0,0,0.0
2020-12-28,0,0,0,0,0,0,0,0,0,0,0.0,0.0,0.0,0.0,0.0,0.0,0.0,0.0,0.0,0.0,23,1.0,23,0,0.0,0,0.0,0,0.0
2020-12-29,0,0,0,0,0,0,0,0,0,0,0.0,0.0,0.0,0.0,0.0,0.0,0.0,0.0,0.0,0.0,10,1.0,10,0,0.0,0,0.0,0,0.0
2020-12-30,1,0,0,0,0,0,0,0,0,0,0.14285714285714285,0.0,0.0,0.0,0.0,0.0,0.0,0.0,0.0,0.0,6,0.8571428571428571,7,0,0.0,0,0.0,0,0.0
2020-12-31,0,0,0,0,0,0,0,0,0,0,0.0,0.0,0.0,0.0,0.0,0.0,0.0,0.0,0.0,0.0,6,1.0,6,0,0.0,0,0.0,0,0.0
2021-01-01,0,0,0,0,0,0,0,3,0,1,0.0,0.0,0.0,0.0,0.0,0.0,0.0,0.375,0.0,0.125,4,0.5,8,1,0.125,0,0.0,0,0.0
2021-01-02,4,0,0,0,0,0,0,0,0,0,0.17391304347826086,0.0,0.0,0.0,0.0,0.0,0.0,0.0,0.0,0.0,19,0.8260869565217391,23,0,0.0,0,0.0,0,0.0
2021-01-03,0,0,0,0,0,0,0,1,0,2,0.0,0.0,0.0,0.0,0.0,0.0,0.0,0.04,0.0,0.08,22,0.88,25,2,0.08,0,0.0,0,0.0
2021-01-04,0,0,0,0,0,0,0,0,0,2,0.0,0.0,0.0,0.0,0.0,0.0,0.0,0.0,0.0,0.04,48,0.96,50,2,0.04,0,0.0,0,0.0
2021-01-05,0,0,0,0,0,0,0,0,0,0,0.0,0.0,0.0,0.0,0.0,0.0,0.0,0.0,0.0,0.0,23,1.0,23,0,0.0,0,0.0,0,0.0
2021-01-06,1,0,0,0,0,0,0,0,0,0,0.05,0.0,0.0,0.0,0.0,0.0,0.0,0.0,0.0,0.0,19,0.95,20,0,0.0,0,0.0,0,0.0
2021-01-07,0,0,0,0,0,0,0,0,0,0,0.0,0.0,0.0,0.0,0.0,0.0,0.0,0.0,0.0,0.0,24,1.0,24,0,0.0,0,0.0,0,0.0
2021-01-08,3,0,0,0,0,0,0,0,0,0,0.0625,0.0,0.0,0.0,0.0,0.0,0.0,0.0,0.0,0.0,45,0.9375,48,0,0.0,0,0.0,0,0.0
2021-01-09,0,0,0,0,0,0,0,0,0,0,0.0,0.0,0.0,0.0,0.0,0.0,0.0,0.0,0.0,0.0,19,1.0,19,0,0.0,0,0.0,0,0.0
2021-01-10,1,0,0,0,0,0,0,0,0,0,0.07142857142857142,0.0,0.0,0.0,0.0,0.0,0.0,0.0,0.0,0.0,13,0.9285714285714286,14,0,0.0,0,0.0,0,0.0
2021-01-11,2,4,0,0,0,0,0,0,0,0,0.015384615384615385,0.03076923076923077,0.0,0.0,0.0,0.0,0.0,0.0,0.0,0.0,124,0.9538461538461539,130,0,0.0,0,0.0,0,0.0
2021-01-12,7,0,0,0,0,0,0,2,0,5,0.08433734939759036,0.0,0.0,0.0,0.0,0.0,0.0,0.024096385542168676,0.0,0.060240963855421686,69,0.8313253012048193,83,4,0.04819277108433735,1,0.012048192771084338,0,0.0
2021-01-13,10,0,1,0,0,0,0,0,0,1,0.09259259259259259,0.0,0.009259259259259259,0.0,0.0,0.0,0.0,0.0,0.0,0.009259259259259259,96,0.8888888888888888,108,1,0.009259259259259259,0,0.0,0,0.0
2021-01-14,3,1,0,0,0,0,0,0,0,0,0.057692307692307696,0.019230769230769232,0.0,0.0,0.0,0.0,0.0,0.0,0.0,0.0,48,0.9230769230769231,52,0,0.0,0,0.0,0,0.0
2021-01-15,13,4,0,0,0,0,0,0,0,0,0.125,0.038461538461538464,0.0,0.0,0.0,0.0,0.0,0.0,0.0,0.0,87,0.8365384615384616,104,0,0.0,0,0.0,0,0.0
2021-01-16,5,0,0,0,0,0,0,1,0,0,0.08333333333333333,0.0,0.0,0.0,0.0,0.0,0.0,0.016666666666666666,0.0,0.0,54,0.9,60,0,0.0,0,0.0,0,0.0
2021-01-17,11,0,0,0,0,0,0,0,0,0,0.23404255319148937,0.0,0.0,0.0,0.0,0.0,0.0,0.0,0.0,0.0,36,0.7659574468085106,47,0,0.0,0,0.0,0,0.0
2021-01-18,22,1,2,0,0,0,0,1,0,0,0.060941828254847646,0.002770083102493075,0.00554016620498615,0.0,0.0,0.0,0.0,0.002770083102493075,0.0,0.0,335,0.9279778393351801,361,0,0.0,0,0.0,0,0.0
2021-01-19,22,2,0,0,0,0,0,0,0,0,0.07885304659498207,0.007168458781362007,0.0,0.0,0.0,0.0,0.0,0.0,0.0,0.0,255,0.9139784946236559,279,0,0.0,0,0.0,0,0.0
2021-01-20,14,0,0,0,0,0,0,1,0,0,0.04778156996587031,0.0,0.0,0.0,0.0,0.0,0.0,0.0034129692832764505,0.0,0.0,278,0.9488054607508533,293,0,0.0,0,0.0,0,0.0
2021-01-21,13,2,0,0,0,0,0,0,0,0,0.04727272727272727,0.007272727272727273,0.0,0.0,0.0,0.0,0.0,0.0,0.0,0.0,260,0.9454545454545454,275,0,0.0,0,0.0,0,0.0
2021-01-22,11,1,0,0,0,0,0,0,0,0,0.039568345323741004,0.0035971223021582736,0.0,0.0,0.0,0.0,0.0,0.0,0.0,0.0,266,0.9568345323741008,278,0,0.0,0,0.0,0,0.0
2021-01-23,5,4,0,0,0,0,0,1,0,0,0.04310344827586207,0.034482758620689655,0.0,0.0,0.0,0.0,0.0,0.008620689655172414,0.0,0.0,106,0.9137931034482759,116,0,0.0,0,0.0,0,0.0
2021-01-24,4,2,0,0,0,0,0,1,0,0,0.038461538461538464,0.019230769230769232,0.0,0.0,0.0,0.0,0.0,0.009615384615384616,0.0,0.0,97,0.9326923076923077,104,0,0.0,0,0.0,0,0.0
2021-01-25,51,5,1,0,0,0,0,1,0,0,0.0781010719754977,0.007656967840735069,0.0015313935681470138,0.0,0.0,0.0,0.0,0.0015313935681470138,0.0,0.0,595,0.9111791730474732,653,0,0.0,0,0.0,0,0.0
2021-01-26,33,0,1,0,0,0,0,0,0,0,0.0658682634730539,0.0,0.001996007984031936,0.0,0.0,0.0,0.0,0.0,0.0,0.0,467,0.9321357285429142,501,0,0.0,0,0.0,0,0.0
2021-01-27,29,4,2,0,0,0,0,0,0,0,0.07021791767554479,0.009685230024213076,0.004842615012106538,0.0,0.0,0.0,0.0,0.0,0.0,0.0,378,0.9152542372881356,413,0,0.0,0,0.0,0,0.0
2021-01-28,82,0,3,0,0,0,0,0,0,0,0.15619047619047619,0.0,0.005714285714285714,0.0,0.0,0.0,0.0,0.0,0.0,0.0,440,0.8380952380952381,525,0,0.0,0,0.0,0,0.0
2021-01-29,52,3,1,0,0,0,0,0,0,0,0.14647887323943662,0.008450704225352112,0.0028169014084507044,0.0,0.0,0.0,0.0,0.0,0.0,0.0,299,0.8422535211267606,355,0,0.0,0,0.0,0,0.0
2021-01-30,15,1,0,0,0,0,0,1,0,0,0.11194029850746269,0.007462686567164179,0.0,0.0,0.0,0.0,0.0,0.007462686567164179,0.0,0.0,117,0.8731343283582089,134,0,0.0,0,0.0,0,0.0
2021-01-31,14,0,0,0,0,0,0,0,0,0,0.175,0.0,0.0,0.0,0.0,0.0,0.0,0.0,0.0,0.0,66,0.825,80,0,0.0,0,0.0,0,0.0
2021-02-01,83,5,3,2,0,0,0,0,0,0,0.1571969696969697,0.00946969696969697,0.005681818181818182,0.003787878787878788,0.0,0.0,0.0,0.0,0.0,0.0,435,0.8238636363636364,528,0,0.0,0,0.0,0,0.0
2021-02-02,145,1,2,0,0,0,0,0,0,0,0.17575757575757575,0.0012121212121212121,0.0024242424242424242,0.0,0.0,0.0,0.0,0.0,0.0,0.0,677,0.8206060606060606,825,0,0.0,0,0.0,0,0.0
2021-02-03,76,7,1,0,0,0,0,0,0,0,0.17233560090702948,0.015873015873015872,0.0022675736961451248,0.0,0.0,0.0,0.0,0.0,0.0,0.0,357,0.8095238095238095,441,0,0.0,0,0.0,0,0.0
2021-02-04,85,3,1,0,0,0,0,0,0,0,0.1905829596412556,0.006726457399103139,0.002242152466367713,0.0,0.0,0.0,0.0,0.0,0.0,0.0,357,0.8004484304932735,446,0,0.0,0,0.0,0,0.0
2021-02-05,91,5,4,0,0,0,0,0,0,0,0.1794871794871795,0.009861932938856016,0.007889546351084813,0.0,0.0,0.0,0.0,0.0,0.0,0.0,407,0.8027613412228797,507,0,0.0,0,0.0,0,0.0
2021-02-06,40,2,1,0,0,0,0,0,0,0,0.20100502512562815,0.010050251256281407,0.005025125628140704,0.0,0.0,0.0,0.0,0.0,0.0,0.0,156,0.7839195979899497,199,0,0.0,0,0.0,0,0.0
2021-02-07,16,0,1,0,0,0,0,1,0,0,0.12307692307692308,0.0,0.007692307692307693,0.0,0.0,0.0,0.0,0.007692307692307693,0.0,0.0,112,0.8615384615384616,130,0,0.0,0,0.0,0,0.0
2021-02-08,88,2,3,1,0,0,0,0,0,0,0.1423948220064725,0.003236245954692557,0.0048543689320388345,0.0016181229773462784,0.0,0.0,0.0,0.0,0.0,0.0,524,0.8478964401294499,618,0,0.0,0,0.0,0,0.0
2021-02-09,101,3,1,1,0,0,0,0,0,0,0.18397085610200364,0.00546448087431694,0.0018214936247723133,0.0018214936247723133,0.0,0.0,0.0,0.0,0.0,0.0,443,0.8069216757741348,549,0,0.0,0,0.0,0,0.0
2021-02-10,117,2,1,1,2,5,0,0,0,0,0.21311475409836064,0.0036429872495446266,0.0018214936247723133,0.0018214936247723133,0.0036429872495446266,0.009107468123861567,0.0,0.0,0.0,0.0,421,0.7668488160291439,549,0,0.0,0,0.0,0,0.0
2021-02-11,137,4,2,1,1,0,0,0,0,0,0.22204213938411668,0.006482982171799027,0.0032414910858995136,0.0016207455429497568,0.0016207455429497568,0.0,0.0,0.0,0.0,0.0,472,0.7649918962722853,617,0,0.0,0,0.0,0,0.0
2021-02-12,159,5,4,0,0,0,0,0,0,0,0.2602291325695581,0.008183306055646482,0.006546644844517185,0.0,0.0,0.0,0.0,0.0,0.0,0.0,443,0.7250409165302782,611,0,0.0,0,0.0,0,0.0
2021-02-13,81,2,2,0,0,1,0,0,0,0,0.23823529411764705,0.0058823529411764705,0.0058823529411764705,0.0,0.0,0.0029411764705882353,0.0,0.0,0.0,0.0,254,0.7470588235294118,340,0,0.0,0,0.0,0,0.0
2021-02-14,13,0,3,0,0,0,0,0,0,0,0.14772727272727273,0.0,0.03409090909090909,0.0,0.0,0.0,0.0,0.0,0.0,0.0,72,0.8181818181818182,88,0,0.0,0,0.0,0,0.0
2021-02-15,168,5,3,0,0,1,0,0,0,0,0.2608695652173913,0.007763975155279503,0.004658385093167702,0.0,0.0,0.0015527950310559005,0.0,0.0,0.0,0.0,467,0.7251552795031055,644,0,0.0,0,0.0,0,0.0
2021-02-16,197,2,2,0,0,1,0,0,0,0,0.28062678062678065,0.002849002849002849,0.002849002849002849,0.0,0.0,0.0014245014245014246,0.0,0.0,0.0,0.0,500,0.7122507122507122,702,0,0.0,0,0.0,0,0.0
2021-02-17,192,2,4,0,0,0,0,0,0,0,0.32,0.0033333333333333335,0.006666666666666667,0.0,0.0,0.0,0.0,0.0,0.0,0.0,402,0.67,600,0,0.0,0,0.0,0,0.0
2021-02-18,213,1,1,1,0,0,0,0,0,0,0.3610169491525424,0.001694915254237288,0.001694915254237288,0.001694915254237288,0.0,0.0,0.0,0.0,0.0,0.0,374,0.6338983050847458,590,0,0.0,0,0.0,0,0.0
2021-02-19,232,6,1,2,0,3,1,0,0,0,0.3338129496402878,0.008633093525179856,0.0014388489208633094,0.0028776978417266188,0.0,0.004316546762589928,0.0014388489208633094,0.0,0.0,0.0,450,0.6474820143884892,695,1,0.0014388489208633094,0,0.0,0,0.0
2021-02-20,96,4,0,0,0,0,0,0,0,0,0.3356643356643357,0.013986013986013986,0.0,0.0,0.0,0.0,0.0,0.0,0.0,0.0,186,0.6503496503496503,286,0,0.0,0,0.0,0,0.0
2021-02-21,34,0,7,1,0,1,0,0,0,0,0.2982456140350877,0.0,0.06140350877192982,0.008771929824561403,0.0,0.008771929824561403,0.0,0.0,0.0,0.0,71,0.6228070175438597,114,0,0.0,0,0.0,0,0.0
2021-02-22,416,7,2,2,0,0,0,0,0,0,0.4164164164164164,0.007007007007007007,0.002002002002002002,0.002002002002002002,0.0,0.0,0.0,0.0,0.0,0.0,572,0.5725725725725725,999,0,0.0,0,0.0,0,0.0
2021-02-23,272,5,0,1,0,0,0,0,0,0,0.4152671755725191,0.007633587786259542,0.0,0.0015267175572519084,0.0,0.0,0.0,0.0,0.0,0.0,377,0.5755725190839694,655,0,0.0,0,0.0,0,0.0
2021-02-24,376,5,5,0,0,0,0,0,0,0,0.45355850422195415,0.006031363088057901,0.006031363088057901,0.0,0.0,0.0,0.0,0.0,0.0,0.0,443,0.53437876960193,829,0,0.0,0,0.0,0,0.0
2021-02-25,321,6,6,1,0,0,0,0,0,0,0.41580310880829013,0.007772020725388601,0.007772020725388601,0.0012953367875647669,0.0,0.0,0.0,0.0,0.0,0.0,438,0.5673575129533679,772,0,0.0,0,0.0,0,0.0
2021-02-26,298,9,0,2,0,2,0,0,0,0,0.4570552147239264,0.013803680981595092,0.0,0.003067484662576687,0.0,0.003067484662576687,0.0,0.0,0.0,0.0,341,0.5230061349693251,652,0,0.0,0,0.0,0,0.0
2021-02-27,93,2,0,0,0,0,0,0,0,0,0.46733668341708545,0.010050251256281407,0.0,0.0,0.0,0.0,0.0,0.0,0.0,0.0,104,0.5226130653266332,199,0,0.0,0,0.0,0,0.0
2021-02-28,63,1,0,4,0,0,0,0,0,0,0.43448275862068964,0.006896551724137931,0.0,0.027586206896551724,0.0,0.0,0.0,0.0,0.0,0.0,77,0.5310344827586206,145,0,0.0,0,0.0,0,0.0
2021-03-01,305,18,3,0,3,1,0,0,0,0,0.42837078651685395,0.025280898876404494,0.004213483146067416,0.0,0.004213483146067416,0.0014044943820224719,0.0,0.0,0.0,0.0,382,0.5365168539325843,712,0,0.0,0,0.0,0,0.0
2021-03-02,284,16,1,1,0,4,1,0,0,0,0.4500792393026941,0.025356576862123614,0.001584786053882726,0.001584786053882726,0.0,0.006339144215530904,0.001584786053882726,0.0,0.0,0.0,324,0.5134706814580031,631,0,0.0,0,0.0,0,0.0
2021-03-03,333,10,7,0,0,3,0,0,0,0,0.5294117647058824,0.01589825119236884,0.011128775834658187,0.0,0.0,0.0047694753577106515,0.0,0.0,0.0,0.0,276,0.43879173290937995,629,1,0.001589825119236884,0,0.0,0,0.0
2021-03-04,348,6,3,0,0,0,0,0,0,0,0.5194029850746269,0.008955223880597015,0.004477611940298508,0.0,0.0,0.0,0.0,0.0,0.0,0.0,313,0.4671641791044776,670,1,0.0014925373134328358,0,0.0,0,0.0
2021-03-05,345,13,6,0,0,0,0,0,0,0,0.558252427184466,0.021035598705501618,0.009708737864077669,0.0,0.0,0.0,0.0,0.0,0.0,0.0,254,0.4110032362459547,618,1,0.0016181229773462784,0,0.0,0,0.0
2021-03-06,198,3,2,0,1,0,0,0,0,0,0.6875,0.010416666666666666,0.006944444444444444,0.0,0.003472222222222222,0.0,0.0,0.0,0.0,0.0,84,0.2916666666666667,288,0,0.0,0,0.0,0,0.0
2021-03-07,98,3,0,1,0,0,0,0,0,0,0.6621621621621622,0.02027027027027027,0.0,0.006756756756756757,0.0,0.0,0.0,0.0,0.0,0.0,46,0.3108108108108108,148,0,0.0,0,0.0,0,0.0
2021-03-08,493,13,2,2,0,1,0,0,0,0,0.5732558139534883,0.015116279069767442,0.002325581395348837,0.002325581395348837,0.0,0.0011627906976744186,0.0,0.0,0.0,0.0,349,0.40581395348837207,860,0,0.0,0,0.0,0,0.0
2021-03-09,499,7,4,3,0,1,0,1,0,0,0.6413881748071979,0.008997429305912597,0.005141388174807198,0.0038560411311053984,0.0,0.0012853470437017994,0.0,0.0012853470437017994,0.0,0.0,263,0.3380462724935733,778,0,0.0,0,0.0,0,0.0
2021-03-10,426,13,7,0,0,0,0,0,0,0,0.6708661417322834,0.02047244094488189,0.011023622047244094,0.0,0.0,0.0,0.0,0.0,0.0,0.0,189,0.29763779527559053,635,4,0.006299212598425197,0,0.0,0,0.0
2021-03-11,356,9,2,2,1,1,0,0,0,0,0.614853195164076,0.015544041450777202,0.0034542314335060447,0.0034542314335060447,0.0017271157167530224,0.0017271157167530224,0.0,0.0,0.0,0.0,208,0.3592400690846287,579,2,0.0034542314335060447,0,0.0,0,0.0
2021-03-12,378,19,4,3,0,1,0,0,0,0,0.6206896551724138,0.031198686371100164,0.006568144499178982,0.0049261083743842365,0.0,0.0016420361247947454,0.0,0.0,0.0,0.0,204,0.33497536945812806,609,0,0.0,0,0.0,0,0.0
2021-03-13,186,4,0,0,0,0,0,0,0,0,0.7848101265822784,0.016877637130801686,0.0,0.0,0.0,0.0,0.0,0.0,0.0,0.0,47,0.19831223628691982,237,0,0.0,0,0.0,0,0.0
2021-03-14,93,3,0,0,0,0,0,0,0,0,0.744,0.024,0.0,0.0,0.0,0.0,0.0,0.0,0.0,0.0,29,0.232,125,0,0.0,0,0.0,0,0.0
2021-03-15,589,10,11,1,0,1,0,0,0,0,0.7053892215568862,0.011976047904191617,0.013173652694610778,0.0011976047904191617,0.0,0.0011976047904191617,0.0,0.0,0.0,0.0,223,0.26706586826347306,835,0,0.0,0,0.0,0,0.0
2021-03-16,458,7,7,1,0,3,0,0,0,0,0.720125786163522,0.0110062893081761,0.0110062893081761,0.0015723270440251573,0.0,0.0047169811320754715,0.0,0.0,0.0,0.0,160,0.25157232704402516,636,0,0.0,0,0.0,0,0.0
2021-03-17,510,11,5,1,0,0,0,0,0,0,0.7359307359307359,0.015873015873015872,0.007215007215007215,0.001443001443001443,0.0,0.0,0.0,0.0,0.0,0.0,166,0.23953823953823955,693,2,0.002886002886002886,0,0.0,0,0.0
2021-03-18,469,3,9,0,0,0,0,0,0,0,0.7149390243902439,0.004573170731707317,0.013719512195121951,0.0,0.0,0.0,0.0,0.0,0.0,0.0,175,0.26676829268292684,656,0,0.0,0,0.0,0,0.0
2021-03-19,518,6,4,0,0,2,0,0,0,0,0.7860394537177542,0.009104704097116844,0.006069802731411229,0.0,0.0,0.0030349013657056147,0.0,0.0,0.0,0.0,129,0.19575113808801214,659,0,0.0,0,0.0,0,0.0
2021-03-20,311,5,6,3,0,1,0,0,0,0,0.783375314861461,0.012594458438287154,0.015113350125944584,0.007556675062972292,0.0,0.0025188916876574307,0.0,0.0,0.0,0.0,71,0.17884130982367757,397,0,0.0,0,0.0,0,0.0
2021-03-21,145,8,5,0,0,1,0,0,0,0,0.7142857142857143,0.03940886699507389,0.024630541871921183,0.0,0.0,0.0049261083743842365,0.0,0.0,0.0,0.0,44,0.21674876847290642,203,0,0.0,0,0.0,0,0.0
2021-03-22,595,12,16,0,0,0,0,1,0,0,0.7446808510638298,0.015018773466833541,0.02002503128911139,0.0,0.0,0.0,0.0,0.0012515644555694619,0.0,0.0,175,0.2190237797246558,799,0,0.0,0,0.0,0,0.0
2021-03-23,351,14,9,0,0,0,0,0,0,0,0.7034068136272545,0.028056112224448898,0.018036072144288578,0.0,0.0,0.0,0.0,0.0,0.0,0.0,125,0.250501002004008,499,1,0.002004008016032064,0,0.0,0,0.0
2021-03-24,526,16,7,0,0,0,0,2,0,0,0.7746686303387335,0.023564064801178203,0.010309278350515464,0.0,0.0,0.0,0.0,0.0029455081001472753,0.0,0.0,128,0.18851251840942562,679,1,0.0014727540500736377,0,0.0,0,0.0
2021-03-25,473,5,3,1,0,0,0,0,0,0,0.8269230769230769,0.008741258741258742,0.005244755244755245,0.0017482517482517483,0.0,0.0,0.0,0.0,0.0,0.0,90,0.15734265734265734,572,1,0.0017482517482517483,0,0.0,0,0.0
2021-03-26,576,11,6,0,0,0,0,0,0,0,0.8483063328424153,0.016200294550810016,0.008836524300441826,0.0,0.0,0.0,0.0,0.0,0.0,0.0,86,0.12665684830633284,679,0,0.0,0,0.0,0,0.0
2021-03-27,173,0,1,0,0,0,0,0,0,0,0.8826530612244898,0.0,0.00510204081632653,0.0,0.0,0.0,0.0,0.0,0.0,0.0,22,0.11224489795918367,196,0,0.0,0,0.0,0,0.0
2021-03-28,179,1,1,0,0,0,0,0,0,0,0.9086294416243654,0.005076142131979695,0.005076142131979695,0.0,0.0,0.0,0.0,0.0,0.0,0.0,16,0.08121827411167512,197,0,0.0,0,0.0,0,0.0
2021-03-29,658,11,11,1,0,0,0,0,0,0,0.8567708333333334,0.014322916666666666,0.014322916666666666,0.0013020833333333333,0.0,0.0,0.0,0.0,0.0,0.0,87,0.11328125,768,0,0.0,0,0.0,0,0.0
2021-03-30,494,8,8,2,0,1,0,0,0,0,0.8178807947019867,0.013245033112582781,0.013245033112582781,0.0033112582781456954,0.0,0.0016556291390728477,0.0,0.0,0.0,0.0,91,0.15066225165562913,604,0,0.0,0,0.0,0,0.0
2021-03-31,657,14,9,0,0,3,0,0,0,0,0.8644736842105263,0.018421052631578946,0.011842105263157895,0.0,0.0,0.003947368421052632,0.0,0.0,0.0,0.0,77,0.1013157894736842,760,0,0.0,0,0.0,0,0.0
2021-04-01,733,7,3,2,0,2,0,0,0,0,0.8778443113772455,0.008383233532934131,0.003592814371257485,0.0023952095808383233,0.0,0.0023952095808383233,0.0,0.0,0.0,0.0,88,0.10538922155688622,835,0,0.0,0,0.0,0,0.0
2021-04-02,393,3,5,0,0,0,0,0,0,0,0.9268867924528302,0.007075471698113208,0.01179245283018868,0.0,0.0,0.0,0.0,0.0,0.0,0.0,23,0.054245283018867926,424,1,0.0023584905660377358,0,0.0,0,0.0
2021-04-03,169,3,3,2,0,2,0,0,0,0,0.8325123152709359,0.014778325123152709,0.014778325123152709,0.009852216748768473,0.0,0.009852216748768473,0.0,0.0,0.0,0.0,24,0.11822660098522167,203,1,0.0049261083743842365,0,0.0,0,0.0
2021-04-04,147,2,1,0,0,0,1,0,0,0,0.9130434782608695,0.012422360248447204,0.006211180124223602,0.0,0.0,0.0,0.006211180124223602,0.0,0.0,0.0,10,0.062111801242236024,161,0,0.0,0,0.0,0,0.0
2021-04-05,236,3,3,4,0,0,0,0,0,0,0.8676470588235294,0.011029411764705883,0.011029411764705883,0.014705882352941176,0.0,0.0,0.0,0.0,0.0,0.0,26,0.09558823529411764,272,0,0.0,0,0.0,0,0.0
2021-04-06,670,12,9,1,0,2,0,0,0,0,0.8735332464146024,0.01564537157757497,0.011734028683181226,0.001303780964797914,0.0,0.002607561929595828,0.0,0.0,0.0,0.0,73,0.09517601043024772,767,0,0.0,0,0.0,0,0.0
2021-04-07,722,25,8,2,0,5,0,1,0,0,0.8626045400238949,0.02986857825567503,0.009557945041816009,0.0023894862604540022,0.0,0.005973715651135006,0.0,0.0011947431302270011,0.0,0.0,74,0.0884109916367981,837,0,0.0,0,0.0,0,0.0
2021-04-08,732,16,9,1,0,2,0,0,0,0,0.8905109489051095,0.019464720194647202,0.010948905109489052,0.0012165450121654502,0.0,0.0024330900243309003,0.0,0.0,0.0,0.0,62,0.07542579075425791,822,0,0.0,0,0.0,0,0.0
2021-04-09,707,12,8,0,0,1,0,1,0,0,0.8960709759188846,0.015209125475285171,0.010139416983523447,0.0,0.0,0.0012674271229404308,0.0,0.0012674271229404308,0.0,0.0,60,0.07604562737642585,789,0,0.0,0,0.0,0,0.0
2021-04-10,322,4,5,1,0,0,0,0,0,0,0.8895027624309392,0.011049723756906077,0.013812154696132596,0.0027624309392265192,0.0,0.0,0.0,0.0,0.0,0.0,30,0.08287292817679558,362,0,0.0,0,0.0,0,0.0
2021-04-11,110,3,0,0,0,0,0,0,0,0,0.9016393442622951,0.02459016393442623,0.0,0.0,0.0,0.0,0.0,0.0,0.0,0.0,9,0.07377049180327869,122,0,0.0,0,0.0,0,0.0
2021-04-12,688,14,10,0,0,3,2,0,0,0,0.8686868686868687,0.017676767676767676,0.012626262626262626,0.0,0.0,0.003787878787878788,0.0025252525252525255,0.0,0.0,0.0,75,0.0946969696969697,792,0,0.0,0,0.0,0,0.0
2021-04-13,743,25,11,3,0,1,0,0,0,0,0.8559907834101382,0.02880184331797235,0.012672811059907835,0.0034562211981566822,0.0,0.001152073732718894,0.0,0.0,0.0,0.0,85,0.097926267281106,868,0,0.0,0,0.0,0,0.0
2021-04-14,622,9,9,0,0,1,0,2,0,0,0.8785310734463276,0.012711864406779662,0.012711864406779662,0.0,0.0,0.0014124293785310734,0.0,0.002824858757062147,0.0,0.0,65,0.09180790960451977,708,0,0.0,0,0.0,0,0.0
2021-04-15,797,11,14,0,0,4,0,0,0,0,0.9150401836969001,0.012629161882893225,0.016073478760045924,0.0,0.0,0.004592422502870264,0.0,0.0,0.0,0.0,45,0.05166475315729047,871,0,0.0,0,0.0,0,0.0
2021-04-16,816,23,10,0,0,2,0,1,0,0,0.8850325379609545,0.024945770065075923,0.010845986984815618,0.0,0.0,0.0021691973969631237,0.0,0.0010845986984815619,0.0,0.0,70,0.07592190889370933,922,1,0.0010845986984815619,0,0.0,0,0.0
2021-04-17,183,7,0,0,0,0,0,1,0,0,0.8840579710144928,0.033816425120772944,0.0,0.0,0.0,0.0,0.0,0.004830917874396135,0.0,0.0,16,0.07729468599033816,207,0,0.0,0,0.0,0,0.0
2021-04-18,83,0,1,0,1,0,0,1,0,0,0.8924731182795699,0.0,0.010752688172043012,0.0,0.010752688172043012,0.0,0.0,0.010752688172043012,0.0,0.0,7,0.07526881720430108,93,0,0.0,0,0.0,0,0.0
2021-04-19,761,6,15,1,0,3,0,4,1,0,0.8942420681551116,0.007050528789659225,0.01762632197414806,0.0011750881316098707,0.0,0.0035252643948296123,0.0,0.004700352526439483,0.0011750881316098707,0.0,60,0.07050528789659224,851,0,0.0,0,0.0,0,0.0
2021-04-20,633,8,9,1,0,2,0,5,1,0,0.8743093922651933,0.011049723756906077,0.012430939226519336,0.0013812154696132596,0.0,0.0027624309392265192,0.0,0.006906077348066298,0.0013812154696132596,0.0,65,0.08977900552486189,724,0,0.0,0,0.0,0,0.0
2021-04-21,740,14,14,0,0,3,0,6,0,0,0.8799048751486326,0.016646848989298454,0.016646848989298454,0.0,0.0,0.0035671819262782403,0.0,0.007134363852556481,0.0,0.0,64,0.07609988109393578,841,0,0.0,0,0.0,0,0.0
2021-04-22,823,6,3,1,0,3,0,9,0,0,0.9331065759637188,0.006802721088435374,0.003401360544217687,0.0011337868480725624,0.0,0.003401360544217687,0.0,0.01020408163265306,0.0,0.0,37,0.04195011337868481,882,0,0.0,0,0.0,0,0.0
2021-04-23,781,6,4,1,0,5,0,8,1,0,0.9070847851335656,0.006968641114982578,0.004645760743321719,0.0011614401858304297,0.0,0.005807200929152149,0.0,0.009291521486643438,0.0011614401858304297,0.0,55,0.06387921022067364,861,0,0.0,0,0.0,0,0.0
2021-04-24,423,4,3,0,0,0,0,2,0,0,0.94,0.008888888888888889,0.006666666666666667,0.0,0.0,0.0,0.0,0.0044444444444444444,0.0,0.0,18,0.04,450,0,0.0,0,0.0,0,0.0
2021-04-25,198,0,0,0,0,1,0,0,0,0,0.9611650485436893,0.0,0.0,0.0,0.0,0.0048543689320388345,0.0,0.0,0.0,0.0,7,0.03398058252427184,206,0,0.0,0,0.0,0,0.0
2021-04-26,760,10,2,3,0,11,2,12,0,0,0.89728453364817,0.011806375442739079,0.0023612750885478157,0.0035419126328217238,0.0,0.012987012987012988,0.0023612750885478157,0.014167650531286895,0.0,0.0,47,0.05548996458087367,847,0,0.0,0,0.0,0,0.0
2021-04-27,616,4,7,0,0,3,0,10,1,0,0.8700564971751412,0.005649717514124294,0.009887005649717515,0.0,0.0,0.00423728813559322,0.0,0.014124293785310734,0.0014124293785310734,0.0,67,0.09463276836158192,708,0,0.0,0,0.0,0,0.0
2021-04-28,423,4,6,1,0,8,0,12,0,0,0.8794178794178794,0.008316008316008316,0.012474012474012475,0.002079002079002079,0.0,0.016632016632016633,0.0,0.02494802494802495,0.0,0.0,27,0.056133056133056136,481,0,0.0,0,0.0,0,0.0
2021-04-29,681,2,15,2,0,9,2,13,0,0,0.8948751642575559,0.002628120893561104,0.01971090670170828,0.002628120893561104,0.0,0.011826544021024968,0.002628120893561104,0.017082785808147174,0.0,0.0,37,0.04862023653088042,761,0,0.0,0,0.0,0,0.0
2021-04-30,655,7,3,1,0,8,0,3,0,0,0.9212376933895922,0.009845288326300985,0.004219409282700422,0.0014064697609001407,0.0,0.011251758087201125,0.0,0.004219409282700422,0.0,0.0,34,0.04781997187060478,711,0,0.0,0,0.0,0,0.0
2021-05-01,182,1,2,0,0,2,0,1,0,0,0.9054726368159204,0.004975124378109453,0.009950248756218905,0.0,0.0,0.009950248756218905,0.0,0.004975124378109453,0.0,0.0,13,0.06467661691542288,201,0,0.0,0,0.0,0,0.0
2021-05-02,174,1,0,1,0,0,0,3,0,0,0.9405405405405406,0.005405405405405406,0.0,0.005405405405405406,0.0,0.0,0.0,0.016216216216216217,0.0,0.0,6,0.032432432432432434,185,0,0.0,0,0.0,0,0.0
2021-05-03,1217,42,16,2,0,8,0,12,2,0,0.8699070764832023,0.03002144388849178,0.01143674052894925,0.0014295925661186562,0.0,0.005718370264474625,0.0,0.008577555396711936,0.0014295925661186562,0.0,100,0.07147962830593281,1399,1,0.0007147962830593281,0,0.0,0,0.0
2021-05-04,687,29,21,2,0,7,0,16,0,0,0.8337378640776699,0.03519417475728155,0.025485436893203883,0.0024271844660194173,0.0,0.00849514563106796,0.0,0.019417475728155338,0.0,0.0,62,0.07524271844660194,824,0,0.0,0,0.0,0,0.0
2021-05-05,539,23,4,0,0,3,1,20,1,0,0.8408736349453978,0.0358814352574103,0.0062402496099844,0.0,0.0,0.0046801872074883,0.0015600624024961,0.031201248049921998,0.0015600624024961,0.0,50,0.078003120124805,641,0,0.0,0,0.0,0,0.0
2021-05-06,617,6,8,0,0,4,0,13,0,0,0.902046783625731,0.008771929824561403,0.011695906432748537,0.0,0.0,0.005847953216374269,0.0,0.019005847953216373,0.0,0.0,36,0.05263157894736842,684,0,0.0,0,0.0,0,0.0
2021-05-07,772,16,17,1,0,10,0,16,0,0,0.8802736602052451,0.018244013683010263,0.019384264538198404,0.0011402508551881414,0.0,0.011402508551881414,0.0,0.018244013683010263,0.0,0.0,45,0.05131128848346636,877,0,0.0,0,0.0,0,0.0
2021-05-08,281,8,8,0,0,9,0,12,0,0,0.8144927536231884,0.02318840579710145,0.02318840579710145,0.0,0.0,0.02608695652173913,0.0,0.034782608695652174,0.0,0.0,27,0.0782608695652174,345,0,0.0,0,0.0,0,0.0
2021-05-09,113,2,0,0,0,4,0,2,1,0,0.889763779527559,0.015748031496062992,0.0,0.0,0.0,0.031496062992125984,0.0,0.015748031496062992,0.007874015748031496,0.0,5,0.03937007874015748,127,0,0.0,0,0.0,0,0.0
2021-05-10,915,10,4,0,0,1,0,15,3,0,0.9131736526946108,0.00998003992015968,0.003992015968063872,0.0,0.0,0.000998003992015968,0.0,0.014970059880239521,0.0029940119760479044,0.0,54,0.05389221556886228,1002,0,0.0,0,0.0,0,0.0
2021-05-11,543,13,10,2,0,5,0,15,1,0,0.8564668769716088,0.02050473186119874,0.015772870662460567,0.0031545741324921135,0.0,0.007886435331230283,0.0,0.02365930599369085,0.0015772870662460567,0.0,45,0.07097791798107256,634,0,0.0,0,0.0,0,0.0
2021-05-12,764,12,7,1,0,2,0,19,1,0,0.8662131519274376,0.013605442176870748,0.007936507936507936,0.0011337868480725624,0.0,0.0022675736961451248,0.0,0.021541950113378686,0.0011337868480725624,0.0,76,0.08616780045351474,882,0,0.0,0,0.0,0,0.0
2021-05-13,262,3,4,0,0,2,0,11,0,0,0.8851351351351351,0.010135135135135136,0.013513513513513514,0.0,0.0,0.006756756756756757,0.0,0.037162162162162164,0.0,0.0,14,0.0472972972972973,296,0,0.0,0,0.0,0,0.0
2021-05-14,659,6,5,3,0,1,0,27,2,0,0.8881401617250674,0.008086253369272238,0.006738544474393531,0.004043126684636119,0.0,0.0013477088948787063,0.0,0.03638814016172507,0.0026954177897574125,0.0,39,0.05256064690026954,742,0,0.0,0,0.0,0,0.0
2021-05-15,547,12,7,0,0,2,0,18,0,0,0.9177852348993288,0.020134228187919462,0.01174496644295302,0.0,0.0,0.003355704697986577,0.0,0.030201342281879196,0.0,0.0,10,0.016778523489932886,596,0,0.0,0,0.0,0,0.0
2021-05-16,144,0,1,1,0,3,0,6,0,0,0.8944099378881988,0.0,0.006211180124223602,0.006211180124223602,0.0,0.018633540372670808,0.0,0.037267080745341616,0.0,0.0,6,0.037267080745341616,161,0,0.0,0,0.0,0,0.0
2021-05-17,899,5,2,0,0,2,0,23,1,0,0.9287190082644629,0.005165289256198347,0.002066115702479339,0.0,0.0,0.002066115702479339,0.0,0.023760330578512397,0.0010330578512396695,0.0,36,0.0371900826446281,968,0,0.0,0,0.0,0,0.0
2021-05-18,641,7,1,1,0,4,0,24,1,0,0.8915159944367177,0.009735744089012517,0.0013908205841446453,0.0013908205841446453,0.0,0.005563282336578581,0.0,0.03337969401947149,0.0013908205841446453,0.0,40,0.055632823365785816,719,0,0.0,0,0.0,0,0.0
2021-05-19,699,12,9,0,1,9,0,21,1,0,0.8893129770992366,0.015267175572519083,0.011450381679389313,0.0,0.001272264631043257,0.011450381679389313,0.0,0.026717557251908396,0.001272264631043257,0.0,34,0.043256997455470736,786,0,0.0,0,0.0,0,0.0
2021-05-20,567,2,2,0,0,4,0,19,0,0,0.9028662420382165,0.0031847133757961785,0.0031847133757961785,0.0,0.0,0.006369426751592357,0.0,0.030254777070063694,0.0,0.0,34,0.054140127388535034,628,0,0.0,0,0.0,0,0.0
2021-05-21,573,1,0,0,0,8,0,13,0,0,0.925686591276252,0.0016155088852988692,0.0,0.0,0.0,0.012924071082390954,0.0,0.0210016155088853,0.0,0.0,24,0.03877221324717286,619,0,0.0,0,0.0,0,0.0
2021-05-22,263,1,0,0,0,2,0,19,1,0,0.8708609271523179,0.0033112582781456954,0.0,0.0,0.0,0.006622516556291391,0.0,0.06291390728476821,0.0033112582781456954,0.0,16,0.052980132450331126,302,0,0.0,0,0.0,0,0.0
2021-05-23,94,0,1,0,0,0,0,6,0,0,0.8952380952380953,0.0,0.009523809523809525,0.0,0.0,0.0,0.0,0.05714285714285714,0.0,0.0,4,0.0380952380952381,105,0,0.0,0,0.0,0,0.0
2021-05-24,143,2,0,0,0,2,0,6,1,0,0.8881987577639752,0.012422360248447204,0.0,0.0,0.0,0.012422360248447204,0.0,0.037267080745341616,0.006211180124223602,0.0,7,0.043478260869565216,161,0,0.0,0,0.0,0,0.0
2021-05-25,623,2,2,0,0,3,0,15,3,0,0.9270833333333334,0.002976190476190476,0.002976190476190476,0.0,0.0,0.004464285714285714,0.0,0.022321428571428572,0.004464285714285714,0.0,24,0.03571428571428571,672,0,0.0,0,0.0,0,0.0
2021-05-26,601,6,2,0,1,5,3,25,1,0,0.9037593984962407,0.009022556390977444,0.0030075187969924814,0.0,0.0015037593984962407,0.007518796992481203,0.004511278195488722,0.03759398496240601,0.0015037593984962407,0.0,21,0.031578947368421054,665,0,0.0,0,0.0,0,0.0
2021-05-27,564,1,2,1,0,5,0,24,0,0,0.9082125603864735,0.001610305958132045,0.00322061191626409,0.001610305958132045,0.0,0.008051529790660225,0.0,0.03864734299516908,0.0,0.0,24,0.03864734299516908,621,0,0.0,0,0.0,0,0.0
2021-05-28,531,5,1,1,0,7,0,19,0,0,0.9123711340206185,0.00859106529209622,0.001718213058419244,0.001718213058419244,0.0,0.012027491408934709,0.0,0.03264604810996564,0.0,0.0,18,0.030927835051546393,582,0,0.0,0,0.0,0,0.0
2021-05-29,219,0,0,0,0,3,0,14,3,0,0.8455598455598455,0.0,0.0,0.0,0.0,0.011583011583011582,0.0,0.05405405405405406,0.011583011583011582,0.0,20,0.07722007722007722,259,0,0.0,0,0.0,0,0.0
2021-05-30,31,0,0,2,0,0,0,4,0,0,0.775,0.0,0.0,0.05,0.0,0.0,0.0,0.1,0.0,0.0,3,0.075,40,0,0.0,0,0.0,0,0.0
2021-05-31,360,2,4,0,0,0,0,33,1,0,0.8571428571428571,0.004761904761904762,0.009523809523809525,0.0,0.0,0.0,0.0,0.07857142857142857,0.002380952380952381,0.0,20,0.047619047619047616,420,0,0.0,0,0.0,0,0.0
2021-06-01,523,1,5,0,0,4,0,38,2,0,0.8354632587859425,0.001597444089456869,0.007987220447284345,0.0,0.0,0.006389776357827476,0.0,0.06070287539936102,0.003194888178913738,0.0,53,0.08466453674121406,626,0,0.0,0,0.0,0,0.0
2021-06-02,415,0,1,1,0,10,0,33,1,0,0.8469387755102041,0.0,0.0020408163265306124,0.0020408163265306124,0.0,0.02040816326530612,0.0,0.0673469387755102,0.0020408163265306124,0.0,29,0.05918367346938776,490,0,0.0,0,0.0,0,0.0
2021-06-03,143,0,1,2,0,1,0,16,0,0,0.8362573099415205,0.0,0.005847953216374269,0.011695906432748537,0.0,0.005847953216374269,0.0,0.0935672514619883,0.0,0.0,8,0.04678362573099415,171,0,0.0,0,0.0,0,0.0
2021-06-04,280,4,4,1,0,4,0,46,1,0,0.7387862796833773,0.010554089709762533,0.010554089709762533,0.002638522427440633,0.0,0.010554089709762533,0.0,0.12137203166226913,0.002638522427440633,0.0,39,0.10290237467018469,379,0,0.0,0,0.0,0,0.0
2021-06-05,145,3,1,3,0,4,0,8,2,0,0.8055555555555556,0.016666666666666666,0.005555555555555556,0.016666666666666666,0.0,0.022222222222222223,0.0,0.044444444444444446,0.011111111111111112,0.0,14,0.07777777777777778,180,0,0.0,0,0.0,0,0.0
2021-06-06,19,0,0,2,0,0,0,9,0,0,0.6129032258064516,0.0,0.0,0.06451612903225806,0.0,0.0,0.0,0.2903225806451613,0.0,0.0,1,0.03225806451612903,31,0,0.0,0,0.0,0,0.0
2021-06-07,228,1,5,1,0,5,0,64,0,0,0.6867469879518072,0.0030120481927710845,0.015060240963855422,0.0030120481927710845,0.0,0.015060240963855422,0.0,0.1927710843373494,0.0,0.0,28,0.08433734939759036,332,0,0.0,0,0.0,0,0.0
2021-06-08,291,1,1,0,0,10,0,69,0,0,0.7275,0.0025,0.0025,0.0,0.0,0.025,0.0,0.1725,0.0,0.0,28,0.07,400,1,0.0025,0,0.0,0,0.0
2021-06-09,207,2,3,0,0,2,0,45,1,0,0.708904109589041,0.00684931506849315,0.010273972602739725,0.0,0.0,0.00684931506849315,0.0,0.1541095890410959,0.003424657534246575,0.0,32,0.1095890410958904,292,0,0.0,0,0.0,0,0.0
2021-06-10,197,2,3,0,0,3,0,49,5,0,0.6840277777777778,0.006944444444444444,0.010416666666666666,0.0,0.0,0.010416666666666666,0.0,0.1701388888888889,0.017361111111111112,0.0,29,0.10069444444444445,288,0,0.0,0,0.0,0,0.0
2021-06-11,180,0,3,0,0,3,0,46,3,0,0.7258064516129032,0.0,0.012096774193548387,0.0,0.0,0.012096774193548387,0.0,0.18548387096774194,0.012096774193548387,0.0,13,0.05241935483870968,248,0,0.0,0,0.0,0,0.0
2021-06-12,51,1,1,0,0,1,0,20,6,0,0.6071428571428571,0.011904761904761904,0.011904761904761904,0.0,0.0,0.011904761904761904,0.0,0.23809523809523808,0.07142857142857142,0.0,4,0.047619047619047616,84,0,0.0,0,0.0,0,0.0
2021-06-13,21,0,0,0,0,0,0,19,0,0,0.5121951219512195,0.0,0.0,0.0,0.0,0.0,0.0,0.4634146341463415,0.0,0.0,1,0.024390243902439025,41,0,0.0,0,0.0,0,0.0
2021-06-14,103,2,2,0,0,2,0,66,2,0,0.5597826086956522,0.010869565217391304,0.010869565217391304,0.0,0.0,0.010869565217391304,0.0,0.358695652173913,0.010869565217391304,0.0,7,0.03804347826086957,184,0,0.0,0,0.0,0,0.0
2021-06-15,111,2,2,0,0,3,0,69,1,0,0.5634517766497462,0.01015228426395939,0.01015228426395939,0.0,0.0,0.015228426395939087,0.0,0.350253807106599,0.005076142131979695,0.0,9,0.04568527918781726,197,0,0.0,0,0.0,0,0.0
2021-06-16,101,0,2,0,0,3,0,65,3,0,0.5489130434782609,0.0,0.010869565217391304,0.0,0.0,0.016304347826086956,0.0,0.3532608695652174,0.016304347826086956,0.0,10,0.05434782608695652,184,0,0.0,0,0.0,0,0.0
2021-06-17,95,3,2,1,0,2,0,77,5,0,0.475,0.015,0.01,0.005,0.0,0.01,0.0,0.385,0.025,0.0,15,0.075,200,0,0.0,0,0.0,0,0.0
2021-06-18,57,4,0,0,0,0,0,56,6,0,0.41911764705882354,0.029411764705882353,0.0,0.0,0.0,0.0,0.0,0.4117647058823529,0.04411764705882353,0.0,13,0.09558823529411764,136,0,0.0,0,0.0,0,0.0
2021-06-19,58,1,2,0,0,4,0,70,1,0,0.4264705882352941,0.007352941176470588,0.014705882352941176,0.0,0.0,0.029411764705882353,0.0,0.5147058823529411,0.007352941176470588,0.0,0,0.0,136,0,0.0,0,0.0,0,0.0
2021-06-20,12,0,0,0,0,0,0,14,0,0,0.4444444444444444,0.0,0.0,0.0,0.0,0.0,0.0,0.5185185185185185,0.0,0.0,1,0.037037037037037035,27,0,0.0,0,0.0,0,0.0
2021-06-21,74,1,1,0,0,0,0,90,2,0,0.42045454545454547,0.005681818181818182,0.005681818181818182,0.0,0.0,0.0,0.0,0.5113636363636364,0.011363636363636364,0.0,8,0.045454545454545456,176,0,0.0,0,0.0,0,0.0
2021-06-22,33,0,0,0,0,4,0,81,2,0,0.24812030075187969,0.0,0.0,0.0,0.0,0.03007518796992481,0.0,0.6090225563909775,0.015037593984962405,0.0,13,0.09774436090225563,133,0,0.0,0,0.0,0,0.0
2021-06-23,45,0,1,0,0,1,0,75,1,0,0.3333333333333333,0.0,0.007407407407407408,0.0,0.0,0.007407407407407408,0.0,0.5555555555555556,0.007407407407407408,0.0,12,0.08888888888888889,135,0,0.0,0,0.0,0,0.0
2021-06-24,26,0,0,0,0,2,0,84,0,0,0.22033898305084745,0.0,0.0,0.0,0.0,0.01694915254237288,0.0,0.711864406779661,0.0,0.0,6,0.05084745762711865,118,0,0.0,0,0.0,0,0.0
2021-06-25,45,1,1,0,0,1,0,70,2,0,0.3515625,0.0078125,0.0078125,0.0,0.0,0.0078125,0.0,0.546875,0.015625,0.0,8,0.0625,128,0,0.0,0,0.0,0,0.0
2021-06-26,8,1,0,0,0,1,0,65,0,0,0.1,0.0125,0.0,0.0,0.0,0.0125,0.0,0.8125,0.0,0.0,5,0.0625,80,0,0.0,0,0.0,0,0.0
2021-06-27,3,0,0,0,0,0,0,15,0,0,0.16666666666666666,0.0,0.0,0.0,0.0,0.0,0.0,0.8333333333333334,0.0,0.0,0,0.0,18,0,0.0,0,0.0,0,0.0
2021-06-28,29,0,0,0,0,1,0,88,0,0,0.23577235772357724,0.0,0.0,0.0,0.0,0.008130081300813009,0.0,0.7154471544715447,0.0,0.0,5,0.04065040650406504,123,0,0.0,0,0.0,0,0.0
2021-06-29,51,0,1,0,0,4,0,130,3,0,0.2512315270935961,0.0,0.0049261083743842365,0.0,0.0,0.019704433497536946,0.0,0.6403940886699507,0.014778325123152709,0.0,14,0.06896551724137931,203,0,0.0,0,0.0,0,0.0
2021-06-30,18,1,0,0,0,2,0,112,2,0,0.12244897959183673,0.006802721088435374,0.0,0.0,0.0,0.013605442176870748,0.0,0.7619047619047619,0.013605442176870748,0.0,12,0.08163265306122448,147,0,0.0,0,0.0,0,0.0
2021-07-01,12,0,0,0,0,5,0,127,1,0,0.08163265306122448,0.0,0.0,0.0,0.0,0.034013605442176874,0.0,0.8639455782312925,0.006802721088435374,0.0,2,0.013605442176870748,147,0,0.0,0,0.0,0,0.0
2021-07-02,12,0,1,0,0,3,0,141,0,0,0.07643312101910828,0.0,0.006369426751592357,0.0,0.0,0.01910828025477707,0.0,0.8980891719745223,0.0,0.0,0,0.0,157,0,0.0,0,0.0,0,0.0
2021-07-03,13,0,0,0,0,0,0,67,1,0,0.16049382716049382,0.0,0.0,0.0,0.0,0.0,0.0,0.8271604938271605,0.012345679012345678,0.0,0,0.0,81,0,0.0,0,0.0,0,0.0
2021-07-04,4,0,0,0,0,0,0,28,0,0,0.125,0.0,0.0,0.0,0.0,0.0,0.0,0.875,0.0,0.0,0,0.0,32,0,0.0,0,0.0,0,0.0
2021-07-05,24,1,0,1,0,3,0,116,0,0,0.1643835616438356,0.00684931506849315,0.0,0.00684931506849315,0.0,0.02054794520547945,0.0,0.7945205479452054,0.0,0.0,1,0.00684931506849315,146,0,0.0,0,0.0,0,0.0
2021-07-06,13,0,0,0,0,5,0,122,0,0,0.08843537414965986,0.0,0.0,0.0,0.0,0.034013605442176874,0.0,0.8299319727891157,0.0,0.0,7,0.047619047619047616,147,0,0.0,0,0.0,0,0.0
2021-07-07,31,0,0,0,0,2,0,188,0,0,0.13777777777777778,0.0,0.0,0.0,0.0,0.008888888888888889,0.0,0.8355555555555556,0.0,0.0,4,0.017777777777777778,225,0,0.0,0,0.0,0,0.0
2021-07-08,7,0,0,0,0,3,0,148,1,0,0.04242424242424243,0.0,0.0,0.0,0.0,0.01818181818181818,0.0,0.896969696969697,0.006060606060606061,0.0,6,0.03636363636363636,165,0,0.0,0,0.0,0,0.0
2021-07-09,11,0,0,0,0,1,0,99,0,0,0.09821428571428571,0.0,0.0,0.0,0.0,0.008928571428571428,0.0,0.8839285714285714,0.0,0.0,1,0.008928571428571428,112,0,0.0,0,0.0,0,0.0
2021-07-10,6,0,0,0,0,3,0,67,0,0,0.07792207792207792,0.0,0.0,0.0,0.0,0.03896103896103896,0.0,0.8701298701298701,0.0,0.0,1,0.012987012987012988,77,0,0.0,0,0.0,0,0.0
2021-07-11,2,0,0,0,0,0,0,25,0,0,0.06896551724137931,0.0,0.0,0.0,0.0,0.0,0.0,0.8620689655172413,0.0,0.0,2,0.06896551724137931,29,0,0.0,0,0.0,0,0.0
2021-07-12,19,0,0,0,0,2,0,174,0,0,0.09644670050761421,0.0,0.0,0.0,0.0,0.01015228426395939,0.0,0.883248730964467,0.0,0.0,2,0.01015228426395939,197,0,0.0,0,0.0,0,0.0
2021-07-13,11,0,0,0,0,6,0,169,0,0,0.0582010582010582,0.0,0.0,0.0,0.0,0.031746031746031744,0.0,0.8941798941798942,0.0,0.0,3,0.015873015873015872,189,0,0.0,0,0.0,0,0.0
2021-07-14,5,0,0,0,0,2,0,170,0,0,0.027777777777777776,0.0,0.0,0.0,0.0,0.011111111111111112,0.0,0.9444444444444444,0.0,0.0,3,0.016666666666666666,180,0,0.0,0,0.0,0,0.0
2021-07-15,17,0,0,0,0,1,0,220,0,0,0.07142857142857142,0.0,0.0,0.0,0.0,0.004201680672268907,0.0,0.9243697478991597,0.0,0.0,0,0.0,238,0,0.0,0,0.0,0,0.0
2021-07-16,6,0,0,0,0,1,0,153,0,0,0.037267080745341616,0.0,0.0,0.0,0.0,0.006211180124223602,0.0,0.9503105590062112,0.0,0.0,1,0.006211180124223602,161,0,0.0,0,0.0,0,0.0
2021-07-17,2,0,0,0,0,2,0,111,1,0,0.017094017094017096,0.0,0.0,0.0,0.0,0.017094017094017096,0.0,0.9487179487179487,0.008547008547008548,0.0,1,0.008547008547008548,117,0,0.0,0,0.0,0,0.0
2021-07-18,1,0,0,0,0,0,0,56,0,0,0.017543859649122806,0.0,0.0,0.0,0.0,0.0,0.0,0.9824561403508771,0.0,0.0,0,0.0,57,0,0.0,0,0.0,0,0.0
2021-07-19,5,0,0,0,0,0,0,230,0,0,0.02127659574468085,0.0,0.0,0.0,0.0,0.0,0.0,0.9787234042553191,0.0,0.0,0,0.0,235,0,0.0,0,0.0,0,0.0
2021-07-20,7,0,0,0,0,0,0,271,1,0,0.02491103202846975,0.0,0.0,0.0,0.0,0.0,0.0,0.9644128113879004,0.0035587188612099642,0.0,2,0.0071174377224199285,281,0,0.0,0,0.0,0,0.0
2021-07-21,9,0,0,0,0,0,0,403,1,0,0.021686746987951807,0.0,0.0,0.0,0.0,0.0,0.0,0.9710843373493976,0.0024096385542168677,0.0,2,0.004819277108433735,415,0,0.0,0,0.0,0,0.0
2021-07-22,7,0,0,0,0,1,0,334,0,0,0.020289855072463767,0.0,0.0,0.0,0.0,0.002898550724637681,0.0,0.9681159420289855,0.0,0.0,3,0.008695652173913044,345,0,0.0,0,0.0,0,0.0
2021-07-23,10,0,0,0,0,0,0,332,1,0,0.028985507246376812,0.0,0.0,0.0,0.0,0.0,0.0,0.9623188405797102,0.002898550724637681,0.0,2,0.005797101449275362,345,0,0.0,0,0.0,0,0.0
2021-07-24,5,0,0,0,0,0,0,272,0,0,0.017793594306049824,0.0,0.0,0.0,0.0,0.0,0.0,0.9679715302491103,0.0,0.0,4,0.014234875444839857,281,0,0.0,0,0.0,0,0.0
2021-07-25,0,0,0,0,0,0,0,50,0,0,0.0,0.0,0.0,0.0,0.0,0.0,0.0,0.9615384615384616,0.0,0.0,2,0.038461538461538464,52,0,0.0,0,0.0,0,0.0
2021-07-26,8,0,0,0,0,0,0,294,0,0,0.02631578947368421,0.0,0.0,0.0,0.0,0.0,0.0,0.9671052631578947,0.0,0.0,2,0.006578947368421052,304,0,0.0,0,0.0,0,0.0
2021-07-27,8,0,0,0,0,0,0,275,0,0,0.028169014084507043,0.0,0.0,0.0,0.0,0.0,0.0,0.9683098591549296,0.0,0.0,1,0.0035211267605633804,284,0,0.0,0,0.0,0,0.0
2021-07-28,5,0,0,0,0,0,0,297,0,0,0.01644736842105263,0.0,0.0,0.0,0.0,0.0,0.0,0.9769736842105263,0.0,0.0,2,0.006578947368421052,304,0,0.0,0,0.0,0,0.0
2021-07-29,1,0,0,0,0,1,0,269,1,0,0.003676470588235294,0.0,0.0,0.0,0.0,0.003676470588235294,0.0,0.9889705882352942,0.003676470588235294,0.0,0,0.0,272,0,0.0,0,0.0,0,0.0
2021-07-30,7,0,0,0,0,1,0,305,0,0,0.022151898734177215,0.0,0.0,0.0,0.0,0.0031645569620253164,0.0,0.9651898734177216,0.0,0.0,3,0.00949367088607595,316,0,0.0,0,0.0,0,0.0
2021-07-31,2,0,0,0,0,0,0,123,0,0,0.015873015873015872,0.0,0.0,0.0,0.0,0.0,0.0,0.9761904761904762,0.0,0.0,1,0.007936507936507936,126,0,0.0,0,0.0,0,0.0
2021-08-01,0,0,0,0,0,0,0,36,0,0,0.0,0.0,0.0,0.0,0.0,0.0,0.0,1.0,0.0,0.0,0,0.0,36,0,0.0,0,0.0,0,0.0
2021-08-02,7,0,0,0,0,0,0,348,0,0,0.01971830985915493,0.0,0.0,0.0,0.0,0.0,0.0,0.9802816901408451,0.0,0.0,0,0.0,355,0,0.0,0,0.0,0,0.0
2021-08-03,4,0,0,0,0,0,0,338,0,0,0.011627906976744186,0.0,0.0,0.0,0.0,0.0,0.0,0.9825581395348837,0.0,0.0,2,0.005813953488372093,344,0,0.0,0,0.0,0,0.0
2021-08-04,1,0,0,0,0,0,0,471,0,0,0.002109704641350211,0.0,0.0,0.0,0.0,0.0,0.0,0.9936708860759493,0.0,0.0,2,0.004219409282700422,474,0,0.0,0,0.0,0,0.0
2021-08-05,4,0,0,0,0,1,0,352,0,0,0.011204481792717087,0.0,0.0,0.0,0.0,0.0028011204481792717,0.0,0.9859943977591037,0.0,0.0,0,0.0,357,0,0.0,0,0.0,0,0.0
2021-08-06,3,0,0,0,0,0,0,290,0,0,0.010238907849829351,0.0,0.0,0.0,0.0,0.0,0.0,0.9897610921501706,0.0,0.0,0,0.0,293,0,0.0,0,0.0,0,0.0
2021-08-07,1,0,0,0,0,0,0,214,0,0,0.004629629629629629,0.0,0.0,0.0,0.0,0.0,0.0,0.9907407407407407,0.0,0.0,1,0.004629629629629629,216,0,0.0,0,0.0,0,0.0
2021-08-08,1,0,0,0,0,0,0,96,0,0,0.010309278350515464,0.0,0.0,0.0,0.0,0.0,0.0,0.9896907216494846,0.0,0.0,0,0.0,97,0,0.0,0,0.0,0,0.0
2021-08-09,3,0,0,0,0,1,0,540,2,0,0.005484460694698354,0.0,0.0,0.0,0.0,0.0018281535648994515,0.0,0.9872029250457038,0.003656307129798903,0.0,1,0.0018281535648994515,547,0,0.0,0,0.0,0,0.0
2021-08-10,3,0,0,0,0,1,0,474,0,0,0.00625,0.0,0.0,0.0,0.0,0.0020833333333333333,0.0,0.9875,0.0,0.0,2,0.004166666666666667,480,0,0.0,0,0.0,0,0.0
2021-08-11,3,0,0,0,0,1,0,575,0,0,0.0051813471502590676,0.0,0.0,0.0,0.0,0.0017271157167530224,0.0,0.9930915371329879,0.0,0.0,0,0.0,579,0,0.0,0,0.0,0,0.0
2021-08-12,1,0,0,0,0,0,0,377,0,0,0.002638522427440633,0.0,0.0,0.0,0.0,0.0,0.0,0.9947229551451188,0.0,0.0,1,0.002638522427440633,379,0,0.0,0,0.0,0,0.0
2021-08-13,1,0,0,0,0,0,0,386,1,0,0.002570694087403599,0.0,0.0,0.0,0.0,0.0,0.0,0.9922879177377892,0.002570694087403599,0.0,1,0.002570694087403599,389,0,0.0,0,0.0,0,0.0
2021-08-14,0,0,0,0,0,0,0,194,0,0,0.0,0.0,0.0,0.0,0.0,0.0,0.0,1.0,0.0,0.0,0,0.0,194,0,0.0,0,0.0,0,0.0
2021-08-15,1,0,0,0,0,0,0,174,0,0,0.005714285714285714,0.0,0.0,0.0,0.0,0.0,0.0,0.9942857142857143,0.0,0.0,0,0.0,175,0,0.0,0,0.0,0,0.0
2021-08-16,1,0,0,0,0,0,0,774,0,0,0.001287001287001287,0.0,0.0,0.0,0.0,0.0,0.0,0.9961389961389961,0.0,0.0,2,0.002574002574002574,777,0,0.0,0,0.0,0,0.0
2021-08-17,7,0,0,0,0,0,0,544,0,0,0.012704174228675136,0.0,0.0,0.0,0.0,0.0,0.0,0.9872958257713249,0.0,0.0,0,0.0,551,0,0.0,0,0.0,0,0.0
2021-08-18,3,0,0,0,0,0,0,669,1,0,0.004451038575667656,0.0,0.0,0.0,0.0,0.0,0.0,0.9925816023738873,0.001483679525222552,0.0,1,0.001483679525222552,674,0,0.0,0,0.0,0,0.0
2021-08-19,0,0,0,0,0,0,0,570,0,0,0.0,0.0,0.0,0.0,0.0,0.0,0.0,0.9982486865148862,0.0,0.0,1,0.0017513134851138354,571,0,0.0,0,0.0,0,0.0
2021-08-20,6,0,0,0,0,1,0,870,0,0,0.00683371298405467,0.0,0.0,0.0,0.0,0.0011389521640091116,0.0,0.9908883826879271,0.0,0.0,1,0.0011389521640091116,878,0,0.0,0,0.0,0,0.0
2021-08-21,1,0,0,0,0,0,0,269,0,0,0.003703703703703704,0.0,0.0,0.0,0.0,0.0,0.0,0.9962962962962963,0.0,0.0,0,0.0,270,0,0.0,0,0.0,0,0.0
2021-08-22,0,0,0,0,0,0,0,187,0,0,0.0,0.0,0.0,0.0,0.0,0.0,0.0,1.0,0.0,0.0,0,0.0,187,0,0.0,0,0.0,0,0.0
2021-08-23,1,0,0,0,0,0,0,961,0,0,0.0010395010395010396,0.0,0.0,0.0,0.0,0.0,0.0,0.998960498960499,0.0,0.0,0,0.0,962,0,0.0,0,0.0,0,0.0
2021-08-24,4,0,0,0,0,0,0,1089,0,0,0.003656307129798903,0.0,0.0,0.0,0.0,0.0,0.0,0.9954296160877514,0.0,0.0,1,0.0009140767824497258,1094,0,0.0,0,0.0,0,0.0
2021-08-25,1,0,0,0,0,0,0,684,0,0,0.0014577259475218659,0.0,0.0,0.0,0.0,0.0,0.0,0.9970845481049563,0.0,0.0,1,0.0014577259475218659,686,0,0.0,0,0.0,0,0.0
2021-08-26,1,0,0,0,0,0,0,747,0,0,0.001336898395721925,0.0,0.0,0.0,0.0,0.0,0.0,0.9986631016042781,0.0,0.0,0,0.0,748,0,0.0,0,0.0,0,0.0
2021-08-27,2,0,0,0,0,0,0,912,0,0,0.002188183807439825,0.0,0.0,0.0,0.0,0.0,0.0,0.9978118161925602,0.0,0.0,0,0.0,914,0,0.0,0,0.0,0,0.0
2021-08-28,0,0,0,0,0,0,0,284,0,0,0.0,0.0,0.0,0.0,0.0,0.0,0.0,1.0,0.0,0.0,0,0.0,284,0,0.0,0,0.0,0,0.0
2021-08-29,0,0,0,0,0,0,0,90,0,0,0.0,0.0,0.0,0.0,0.0,0.0,0.0,1.0,0.0,0.0,0,0.0,90,0,0.0,0,0.0,0,0.0
2021-08-30,1,0,0,0,0,0,0,791,0,0,0.0012626262626262627,0.0,0.0,0.0,0.0,0.0,0.0,0.9987373737373737,0.0,0.0,0,0.0,792,0,0.0,0,0.0,0,0.0
2021-08-31,0,0,0,0,0,0,0,648,0,0,0.0,0.0,0.0,0.0,0.0,0.0,0.0,1.0,0.0,0.0,0,0.0,648,0,0.0,0,0.0,0,0.0
2021-09-01,0,0,0,0,0,0,0,950,0,0,0.0,0.0,0.0,0.0,0.0,0.0,0.0,0.9989484752891693,0.0,0.0,1,0.0010515247108307045,951,0,0.0,0,0.0,0,0.0
2021-09-02,1,0,0,0,0,1,0,1050,0,0,0.000946969696969697,0.0,0.0,0.0,0.0,0.000946969696969697,0.0,0.9943181818181818,0.0,0.0,4,0.003787878787878788,1056,1,0.000946969696969697,0,0.0,0,0.0
2021-09-03,1,1,0,0,0,0,0,545,0,0,0.0018248175182481751,0.0018248175182481751,0.0,0.0,0.0,0.0,0.0,0.9945255474452555,0.0,0.0,1,0.0018248175182481751,548,0,0.0,0,0.0,0,0.0
2021-09-04,0,0,0,0,0,0,0,298,0,0,0.0,0.0,0.0,0.0,0.0,0.0,0.0,1.0,0.0,0.0,0,0.0,298,0,0.0,0,0.0,0,0.0
2021-09-05,0,0,0,0,0,0,0,140,0,0,0.0,0.0,0.0,0.0,0.0,0.0,0.0,1.0,0.0,0.0,0,0.0,140,0,0.0,0,0.0,0,0.0
2021-09-06,0,0,0,0,0,0,0,937,0,0,0.0,0.0,0.0,0.0,0.0,0.0,0.0,1.0,0.0,0.0,0,0.0,937,0,0.0,0,0.0,0,0.0
2021-09-07,1,0,0,0,0,0,0,811,0,0,0.0012315270935960591,0.0,0.0,0.0,0.0,0.0,0.0,0.9987684729064039,0.0,0.0,0,0.0,812,0,0.0,0,0.0,0,0.0
2021-09-08,0,0,0,0,0,0,0,783,0,0,0.0,0.0,0.0,0.0,0.0,0.0,0.0,1.0,0.0,0.0,0,0.0,783,0,0.0,0,0.0,0,0.0
2021-09-09,1,0,0,0,0,0,0,821,0,0,0.001215066828675577,0.0,0.0,0.0,0.0,0.0,0.0,0.9975698663426489,0.0,0.0,1,0.001215066828675577,823,0,0.0,0,0.0,0,0.0
2021-09-10,0,0,0,0,0,0,0,816,0,0,0.0,0.0,0.0,0.0,0.0,0.0,0.0,0.9975550122249389,0.0,0.0,2,0.0024449877750611247,818,0,0.0,0,0.0,0,0.0
2021-09-11,0,0,0,0,0,0,0,318,0,0,0.0,0.0,0.0,0.0,0.0,0.0,0.0,0.99375,0.0,0.0,2,0.00625,320,0,0.0,0,0.0,0,0.0
2021-09-12,0,0,0,0,0,0,0,194,0,0,0.0,0.0,0.0,0.0,0.0,0.0,0.0,1.0,0.0,0.0,0,0.0,194,0,0.0,0,0.0,0,0.0
2021-09-13,0,0,0,0,0,0,0,909,2,0,0.0,0.0,0.0,0.0,0.0,0.0,0.0,0.9978046103183315,0.0021953896816684962,0.0,0,0.0,911,0,0.0,0,0.0,0,0.0
2021-09-14,0,0,0,0,0,0,0,826,0,0,0.0,0.0,0.0,0.0,0.0,0.0,0.0,0.9987908101571947,0.0,0.0,1,0.0012091898428053204,827,0,0.0,0,0.0,0,0.0
2021-09-15,0,0,0,0,0,0,0,679,1,0,0.0,0.0,0.0,0.0,0.0,0.0,0.0,0.9985294117647059,0.0014705882352941176,0.0,0,0.0,680,0,0.0,0,0.0,0,0.0
2021-09-16,0,0,0,0,0,0,0,736,0,0,0.0,0.0,0.0,0.0,0.0,0.0,0.0,0.9986431478968792,0.0,0.0,1,0.0013568521031207597,737,0,0.0,0,0.0,0,0.0
2021-09-17,0,0,0,0,0,0,0,743,2,0,0.0,0.0,0.0,0.0,0.0,0.0,0.0,0.9973154362416108,0.0026845637583892616,0.0,0,0.0,745,0,0.0,0,0.0,0,0.0
2021-09-18,0,0,0,0,0,0,0,248,0,0,0.0,0.0,0.0,0.0,0.0,0.0,0.0,1.0,0.0,0.0,0,0.0,248,0,0.0,0,0.0,0,0.0
2021-09-19,0,0,0,0,0,0,0,104,0,0,0.0,0.0,0.0,0.0,0.0,0.0,0.0,1.0,0.0,0.0,0,0.0,104,0,0.0,0,0.0,0,0.0
2021-09-20,0,0,0,0,0,0,0,1232,2,0,0.0,0.0,0.0,0.0,0.0,0.0,0.0,0.9983792544570502,0.0016207455429497568,0.0,0,0.0,1234,0,0.0,0,0.0,0,0.0
2021-09-21,0,0,0,0,0,0,0,645,0,0,0.0,0.0,0.0,0.0,0.0,0.0,0.0,0.9984520123839009,0.0,0.0,1,0.0015479876160990713,646,0,0.0,0,0.0,0,0.0
2021-09-22,1,0,0,0,0,0,0,473,0,0,0.002109704641350211,0.0,0.0,0.0,0.0,0.0,0.0,0.9978902953586498,0.0,0.0,0,0.0,474,0,0.0,0,0.0,0,0.0
2021-09-23,0,0,0,0,0,0,0,474,0,0,0.0,0.0,0.0,0.0,0.0,0.0,0.0,1.0,0.0,0.0,0,0.0,474,0,0.0,0,0.0,0,0.0
2021-09-24,0,0,0,0,0,0,0,793,0,0,0.0,0.0,0.0,0.0,0.0,0.0,0.0,1.0,0.0,0.0,0,0.0,793,0,0.0,0,0.0,0,0.0
2021-09-25,0,0,0,0,0,0,0,245,0,0,0.0,0.0,0.0,0.0,0.0,0.0,0.0,1.0,0.0,0.0,0,0.0,245,0,0.0,0,0.0,0,0.0
2021-09-26,0,0,0,0,0,0,0,95,0,0,0.0,0.0,0.0,0.0,0.0,0.0,0.0,1.0,0.0,0.0,0,0.0,95,0,0.0,0,0.0,0,0.0
2021-09-27,0,0,0,0,0,0,0,837,0,0,0.0,0.0,0.0,0.0,0.0,0.0,0.0,1.0,0.0,0.0,0,0.0,837,0,0.0,0,0.0,0,0.0
2021-09-28,0,0,0,0,0,0,0,848,0,0,0.0,0.0,0.0,0.0,0.0,0.0,0.0,1.0,0.0,0.0,0,0.0,848,0,0.0,0,0.0,0,0.0
2021-09-29,0,0,0,0,0,0,0,535,0,0,0.0,0.0,0.0,0.0,0.0,0.0,0.0,0.9981343283582089,0.0,0.0,1,0.0018656716417910447,536,0,0.0,0,0.0,0,0.0
2021-09-30,0,0,0,0,0,0,0,680,0,0,0.0,0.0,0.0,0.0,0.0,0.0,0.0,1.0,0.0,0.0,0,0.0,680,0,0.0,0,0.0,0,0.0
2021-10-01,0,0,0,0,0,0,0,582,0,0,0.0,0.0,0.0,0.0,0.0,0.0,0.0,1.0,0.0,0.0,0,0.0,582,0,0.0,0,0.0,0,0.0
2021-10-02,0,0,0,0,0,0,0,256,0,0,0.0,0.0,0.0,0.0,0.0,0.0,0.0,1.0,0.0,0.0,0,0.0,256,0,0.0,0,0.0,0,0.0
2021-10-03,0,0,0,0,0,0,0,94,0,0,0.0,0.0,0.0,0.0,0.0,0.0,0.0,1.0,0.0,0.0,0,0.0,94,0,0.0,0,0.0,0,0.0
2021-10-04,2,0,0,0,0,1,0,951,0,0,0.0020964360587002098,0.0,0.0,0.0,0.0,0.0010482180293501049,0.0,0.9968553459119497,0.0,0.0,0,0.0,954,0,0.0,0,0.0,0,0.0
2021-10-05,0,0,0,0,0,0,0,1113,0,0,0.0,0.0,0.0,0.0,0.0,0.0,0.0,1.0,0.0,0.0,0,0.0,1113,0,0.0,0,0.0,0,0.0
2021-10-06,0,0,0,0,0,0,0,559,0,0,0.0,0.0,0.0,0.0,0.0,0.0,0.0,1.0,0.0,0.0,0,0.0,559,0,0.0,0,0.0,0,0.0
2021-10-07,0,0,0,0,0,0,0,662,0,0,0.0,0.0,0.0,0.0,0.0,0.0,0.0,1.0,0.0,0.0,0,0.0,662,0,0.0,0,0.0,0,0.0
2021-10-08,0,0,0,0,0,0,0,614,0,0,0.0,0.0,0.0,0.0,0.0,0.0,0.0,1.0,0.0,0.0,0,0.0,614,0,0.0,0,0.0,0,0.0
2021-10-09,0,0,0,0,0,0,0,168,0,0,0.0,0.0,0.0,0.0,0.0,0.0,0.0,1.0,0.0,0.0,0,0.0,168,0,0.0,0,0.0,0,0.0
2021-10-10,0,0,0,0,0,0,0,108,0,0,0.0,0.0,0.0,0.0,0.0,0.0,0.0,1.0,0.0,0.0,0,0.0,108,0,0.0,0,0.0,0,0.0
2021-10-11,0,0,0,0,0,0,0,749,0,0,0.0,0.0,0.0,0.0,0.0,0.0,0.0,1.0,0.0,0.0,0,0.0,749,0,0.0,0,0.0,0,0.0
2021-10-12,0,0,0,0,0,0,0,618,0,0,0.0,0.0,0.0,0.0,0.0,0.0,0.0,1.0,0.0,0.0,0,0.0,618,0,0.0,0,0.0,0,0.0
2021-10-13,0,0,0,0,0,0,0,378,0,0,0.0,0.0,0.0,0.0,0.0,0.0,0.0,1.0,0.0,0.0,0,0.0,378,0,0.0,0,0.0,0,0.0
2021-10-14,0,0,0,0,0,0,0,482,0,0,0.0,0.0,0.0,0.0,0.0,0.0,0.0,1.0,0.0,0.0,0,0.0,482,0,0.0,0,0.0,0,0.0
2021-10-15,0,0,0,0,0,0,0,326,0,0,0.0,0.0,0.0,0.0,0.0,0.0,0.0,1.0,0.0,0.0,0,0.0,326,0,0.0,0,0.0,0,0.0
2021-10-16,0,0,0,0,0,0,0,111,0,0,0.0,0.0,0.0,0.0,0.0,0.0,0.0,1.0,0.0,0.0,0,0.0,111,0,0.0,0,0.0,0,0.0
2021-10-17,0,0,0,0,0,0,0,90,0,0,0.0,0.0,0.0,0.0,0.0,0.0,0.0,1.0,0.0,0.0,0,0.0,90,0,0.0,0,0.0,0,0.0
2021-10-18,0,0,0,0,0,0,0,657,0,0,0.0,0.0,0.0,0.0,0.0,0.0,0.0,1.0,0.0,0.0,0,0.0,657,0,0.0,0,0.0,0,0.0
2021-10-19,0,0,0,0,0,0,0,1046,0,0,0.0,0.0,0.0,0.0,0.0,0.0,0.0,0.9990448901623686,0.0,0.0,1,0.0009551098376313276,1047,0,0.0,0,0.0,0,0.0
2021-10-20,0,0,0,0,0,0,0,554,0,0,0.0,0.0,0.0,0.0,0.0,0.0,0.0,1.0,0.0,0.0,0,0.0,554,0,0.0,0,0.0,0,0.0
2021-10-21,0,0,0,0,0,0,0,574,0,0,0.0,0.0,0.0,0.0,0.0,0.0,0.0,1.0,0.0,0.0,0,0.0,574,0,0.0,0,0.0,0,0.0
2021-10-22,0,0,0,0,0,0,0,552,0,0,0.0,0.0,0.0,0.0,0.0,0.0,0.0,1.0,0.0,0.0,0,0.0,552,0,0.0,0,0.0,0,0.0
2021-10-23,0,0,0,0,0,0,0,229,0,0,0.0,0.0,0.0,0.0,0.0,0.0,0.0,1.0,0.0,0.0,0,0.0,229,0,0.0,0,0.0,0,0.0
2021-10-24,0,0,0,0,0,0,0,75,0,0,0.0,0.0,0.0,0.0,0.0,0.0,0.0,1.0,0.0,0.0,0,0.0,75,0,0.0,0,0.0,0,0.0
2021-10-25,0,0,0,0,0,0,0,655,0,0,0.0,0.0,0.0,0.0,0.0,0.0,0.0,1.0,0.0,0.0,0,0.0,655,0,0.0,0,0.0,0,0.0
2021-10-26,0,0,0,0,0,0,0,1012,0,0,0.0,0.0,0.0,0.0,0.0,0.0,0.0,1.0,0.0,0.0,0,0.0,1012,0,0.0,0,0.0,0,0.0
2021-10-27,0,0,0,0,0,0,0,587,0,0,0.0,0.0,0.0,0.0,0.0,0.0,0.0,1.0,0.0,0.0,0,0.0,587,0,0.0,0,0.0,0,0.0
2021-10-28,0,0,0,0,0,0,0,736,0,0,0.0,0.0,0.0,0.0,0.0,0.0,0.0,1.0,0.0,0.0,0,0.0,736,0,0.0,0,0.0,0,0.0
2021-10-29,0,0,0,0,0,0,0,592,0,0,0.0,0.0,0.0,0.0,0.0,0.0,0.0,1.0,0.0,0.0,0,0.0,592,0,0.0,0,0.0,0,0.0
2021-10-30,0,0,0,0,0,0,0,179,0,0,0.0,0.0,0.0,0.0,0.0,0.0,0.0,1.0,0.0,0.0,0,0.0,179,0,0.0,0,0.0,0,0.0
2021-10-31,0,0,0,0,0,0,0,67,0,0,0.0,0.0,0.0,0.0,0.0,0.0,0.0,1.0,0.0,0.0,0,0.0,67,0,0.0,0,0.0,0,0.0
2021-11-01,0,0,0,0,0,0,0,486,0,0,0.0,0.0,0.0,0.0,0.0,0.0,0.0,1.0,0.0,0.0,0,0.0,486,0,0.0,0,0.0,0,0.0
2021-11-02,0,0,0,0,0,0,0,787,0,0,0.0,0.0,0.0,0.0,0.0,0.0,0.0,1.0,0.0,0.0,0,0.0,787,0,0.0,0,0.0,0,0.0
2021-11-03,0,0,0,0,0,0,0,1030,0,0,0.0,0.0,0.0,0.0,0.0,0.0,0.0,1.0,0.0,0.0,0,0.0,1030,0,0.0,0,0.0,0,0.0
2021-11-04,0,0,0,0,0,0,0,868,0,0,0.0,0.0,0.0,0.0,0.0,0.0,0.0,1.0,0.0,0.0,0,0.0,868,0,0.0,0,0.0,0,0.0
2021-11-05,0,0,0,0,0,0,0,676,0,0,0.0,0.0,0.0,0.0,0.0,0.0,0.0,1.0,0.0,0.0,0,0.0,676,0,0.0,0,0.0,0,0.0
2021-11-06,0,0,0,0,0,0,0,267,0,0,0.0,0.0,0.0,0.0,0.0,0.0,0.0,1.0,0.0,0.0,0,0.0,267,0,0.0,0,0.0,0,0.0
2021-11-07,0,0,0,0,0,0,0,67,0,0,0.0,0.0,0.0,0.0,0.0,0.0,0.0,1.0,0.0,0.0,0,0.0,67,0,0.0,0,0.0,0,0.0
2021-11-08,0,0,0,0,0,0,0,997,0,0,0.0,0.0,0.0,0.0,0.0,0.0,0.0,1.0,0.0,0.0,0,0.0,997,0,0.0,0,0.0,0,0.0
2021-11-09,0,0,0,0,0,0,0,810,0,0,0.0,0.0,0.0,0.0,0.0,0.0,0.0,1.0,0.0,0.0,0,0.0,810,0,0.0,0,0.0,0,0.0
2021-11-10,1,1,0,0,0,0,0,831,0,0,0.0011976047904191617,0.0011976047904191617,0.0,0.0,0.0,0.0,0.0,0.9952095808383233,0.0,0.0,2,0.0023952095808383233,835,0,0.0,0,0.0,0,0.0
2021-11-11,0,0,0,0,0,0,0,934,0,0,0.0,0.0,0.0,0.0,0.0,0.0,0.0,1.0,0.0,0.0,0,0.0,934,0,0.0,0,0.0,0,0.0
2021-11-12,1,0,0,0,0,0,0,857,0,0,0.0011641443538998836,0.0,0.0,0.0,0.0,0.0,0.0,0.9976717112922002,0.0,0.0,1,0.0011641443538998836,859,0,0.0,0,0.0,0,0.0
2021-11-13,0,0,0,0,0,0,0,294,0,0,0.0,0.0,0.0,0.0,0.0,0.0,0.0,1.0,0.0,0.0,0,0.0,294,0,0.0,0,0.0,0,0.0
2021-11-14,0,0,0,0,0,0,0,149,0,0,0.0,0.0,0.0,0.0,0.0,0.0,0.0,1.0,0.0,0.0,0,0.0,149,0,0.0,0,0.0,0,0.0
2021-11-15,0,0,0,0,0,0,0,1333,0,0,0.0,0.0,0.0,0.0,0.0,0.0,0.0,0.9992503748125937,0.0,0.0,1,0.0007496251874062968,1334,0,0.0,0,0.0,0,0.0
2021-11-16,0,0,0,0,0,0,0,1044,0,0,0.0,0.0,0.0,0.0,0.0,0.0,0.0,1.0,0.0,0.0,0,0.0,1044,0,0.0,0,0.0,0,0.0
2021-11-17,0,0,0,0,0,0,0,984,0,1,0.0,0.0,0.0,0.0,0.0,0.0,0.0,0.9979716024340771,0.0,0.0010141987829614604,1,0.0010141987829614604,986,1,0.0010141987829614604,0,0.0,0,0.0
2021-11-18,0,0,0,0,0,0,0,1315,0,0,0.0,0.0,0.0,0.0,0.0,0.0,0.0,1.0,0.0,0.0,0,0.0,1315,0,0.0,0,0.0,0,0.0
2021-11-19,0,0,0,0,0,0,0,1056,0,0,0.0,0.0,0.0,0.0,0.0,0.0,0.0,1.0,0.0,0.0,0,0.0,1056,0,0.0,0,0.0,0,0.0
2021-11-20,0,0,0,0,0,0,0,565,0,0,0.0,0.0,0.0,0.0,0.0,0.0,0.0,1.0,0.0,0.0,0,0.0,565,0,0.0,0,0.0,0,0.0
2021-11-21,0,0,0,0,0,0,0,228,0,0,0.0,0.0,0.0,0.0,0.0,0.0,0.0,1.0,0.0,0.0,0,0.0,228,0,0.0,0,0.0,0,0.0
2021-11-22,0,0,0,0,0,0,0,1984,0,0,0.0,0.0,0.0,0.0,0.0,0.0,0.0,1.0,0.0,0.0,0,0.0,1984,0,0.0,0,0.0,0,0.0
2021-11-23,0,0,0,0,0,0,0,1306,0,1,0.0,0.0,0.0,0.0,0.0,0.0,0.0,0.9984709480122325,0.0,0.0007645259938837921,1,0.0007645259938837921,1308,1,0.0007645259938837921,0,0.0,0,0.0
2021-11-24,0,0,0,0,0,0,0,1052,0,3,0.0,0.0,0.0,0.0,0.0,0.0,0.0,0.9971563981042654,0.0,0.002843601895734597,0,0.0,1055,3,0.002843601895734597,0,0.0,0,0.0
2021-11-25,0,0,0,0,0,0,0,1575,0,1,0.0,0.0,0.0,0.0,0.0,0.0,0.0,0.9993654822335025,0.0,0.0006345177664974619,0,0.0,1576,1,0.0006345177664974619,0,0.0,0,0.0
2021-11-26,1,1,0,0,0,0,0,1889,0,4,0.0005271481286241434,0.0005271481286241434,0.0,0.0,0.0,0.0,0.0,0.9957828149710068,0.0,0.0021085925144965737,2,0.0010542962572482868,1897,4,0.0021085925144965737,0,0.0,0,0.0
2021-11-27,0,0,0,0,0,0,0,495,0,5,0.0,0.0,0.0,0.0,0.0,0.0,0.0,0.99,0.0,0.01,0,0.0,500,5,0.01,0,0.0,0,0.0
2021-11-28,0,0,0,0,0,0,0,343,0,5,0.0,0.0,0.0,0.0,0.0,0.0,0.0,0.985632183908046,0.0,0.014367816091954023,0,0.0,348,5,0.014367816091954023,0,0.0,0,0.0
2021-11-29,0,0,0,0,0,0,0,2508,0,13,0.0,0.0,0.0,0.0,0.0,0.0,0.0,0.993660855784469,0.0,0.005150554675118859,3,0.0011885895404120444,2524,13,0.005150554675118859,0,0.0,0,0.0
2021-11-30,0,0,0,0,0,0,0,1665,0,6,0.0,0.0,0.0,0.0,0.0,0.0,0.0,0.9940298507462687,0.0,0.003582089552238806,4,0.0023880597014925373,1675,6,0.003582089552238806,0,0.0,0,0.0
2021-12-01,0,0,0,0,0,0,0,955,0,4,0.0,0.0,0.0,0.0,0.0,0.0,0.0,0.9927234927234927,0.0,0.004158004158004158,3,0.0031185031185031187,962,5,0.005197505197505198,0,0.0,0,0.0
2021-12-02,0,0,0,0,0,0,0,1184,0,10,0.0,0.0,0.0,0.0,0.0,0.0,0.0,0.9907949790794979,0.0,0.008368200836820083,1,0.0008368200836820083,1195,10,0.008368200836820083,0,0.0,0,0.0
2021-12-03,0,0,0,0,0,0,0,1229,0,11,0.0,0.0,0.0,0.0,0.0,0.0,0.0,0.9887369267900241,0.0,0.008849557522123894,3,0.002413515687851971,1243,11,0.008849557522123894,0,0.0,0,0.0
2021-12-04,0,0,0,0,0,0,0,598,0,10,0.0,0.0,0.0,0.0,0.0,0.0,0.0,0.980327868852459,0.0,0.01639344262295082,2,0.003278688524590164,610,10,0.01639344262295082,0,0.0,0,0.0
2021-12-05,0,0,0,0,0,0,0,300,0,4,0.0,0.0,0.0,0.0,0.0,0.0,0.0,0.9836065573770492,0.0,0.013114754098360656,1,0.003278688524590164,305,4,0.013114754098360656,0,0.0,0,0.0
2021-12-06,0,0,0,0,0,0,0,2214,0,22,0.0,0.0,0.0,0.0,0.0,0.0,0.0,0.9879518072289156,0.0,0.009817045961624275,5,0.0022311468094600626,2241,22,0.009817045961624275,0,0.0,0,0.0
2021-12-07,0,0,0,0,0,0,0,1215,0,18,0.0,0.0,0.0,0.0,0.0,0.0,0.0,0.9846029173419774,0.0,0.014586709886547812,1,0.0008103727714748784,1234,18,0.014586709886547812,0,0.0,0,0.0
2021-12-08,0,0,0,0,0,0,0,1343,0,36,0.0,0.0,0.0,0.0,0.0,0.0,0.0,0.9724837074583635,0.0,0.02606806661839247,2,0.001448225923244026,1381,36,0.02606806661839247,0,0.0,0,0.0
2021-12-09,0,0,0,0,0,0,0,1641,0,44,0.0,0.0,0.0,0.0,0.0,0.0,0.0,0.9721563981042654,0.0,0.026066350710900472,3,0.0017772511848341231,1688,44,0.026066350710900472,0,0.0,0,0.0
2021-12-10,0,0,0,0,0,0,0,1300,0,53,0.0,0.0,0.0,0.0,0.0,0.0,0.0,0.959409594095941,0.0,0.03911439114391144,2,0.0014760147601476014,1355,53,0.03911439114391144,0,0.0,0,0.0
2021-12-11,0,0,0,0,0,0,0,591,0,27,0.0,0.0,0.0,0.0,0.0,0.0,0.0,0.9563106796116505,0.0,0.043689320388349516,0,0.0,618,27,0.043689320388349516,0,0.0,0,0.0
2021-12-12,0,0,0,0,0,0,0,254,0,12,0.0,0.0,0.0,0.0,0.0,0.0,0.0,0.9548872180451128,0.0,0.045112781954887216,0,0.0,266,12,0.045112781954887216,0,0.0,0,0.0
2021-12-13,0,0,0,0,0,0,0,2146,0,123,0.0,0.0,0.0,0.0,0.0,0.0,0.0,0.9432967032967033,0.0,0.05406593406593407,6,0.0026373626373626374,2275,123,0.05406593406593407,0,0.0,0,0.0
2021-12-14,0,0,0,0,0,0,0,1679,0,142,0.0,0.0,0.0,0.0,0.0,0.0,0.0,0.9164847161572053,0.0,0.07751091703056769,11,0.006004366812227074,1832,142,0.07751091703056769,0,0.0,0,0.0
2021-12-15,0,0,0,0,0,0,0,1490,0,189,0.0,0.0,0.0,0.0,0.0,0.0,0.0,0.8821788040260509,0.0,0.11190053285968028,10,0.005920663114268798,1689,191,0.11308466548253404,0,0.0,0,0.0
2021-12-16,0,0,0,0,0,0,0,1177,0,144,0.0,0.0,0.0,0.0,0.0,0.0,0.0,0.8876319758672699,0.0,0.1085972850678733,5,0.003770739064856712,1326,143,0.10784313725490197,0,0.0,0,0.0
2021-12-17,0,0,0,0,0,0,0,747,0,147,0.0,0.0,0.0,0.0,0.0,0.0,0.0,0.8327759197324415,0.0,0.16387959866220736,3,0.0033444816053511705,897,147,0.16387959866220736,0,0.0,0,0.0
2021-12-18,0,0,0,0,0,0,0,184,0,42,0.0,0.0,0.0,0.0,0.0,0.0,0.0,0.8141592920353983,0.0,0.18584070796460178,0,0.0,226,42,0.18584070796460178,0,0.0,0,0.0
2021-12-19,0,0,0,0,0,0,0,109,0,15,0.0,0.0,0.0,0.0,0.0,0.0,0.0,0.8790322580645161,0.0,0.12096774193548387,0,0.0,124,15,0.12096774193548387,0,0.0,0,0.0
2021-12-20,0,0,0,0,0,0,0,1097,0,210,0.0,0.0,0.0,0.0,0.0,0.0,0.0,0.832953682611997,0.0,0.15945330296127563,10,0.007593014426727411,1317,211,0.16021260440394836,1,0.0007593014426727411,0,0.0
2021-12-21,0,0,0,0,0,0,0,802,0,190,0.0,0.0,0.0,0.0,0.0,0.0,0.0,0.798804780876494,0.0,0.1892430278884462,12,0.01195219123505976,1004,191,0.1902390438247012,1,0.00099601593625498,0,0.0
2021-12-22,0,0,0,0,0,0,0,847,0,186,0.0,0.0,0.0,0.0,0.0,0.0,0.0,0.8113026819923371,0.0,0.1781609195402299,11,0.01053639846743295,1044,189,0.1810344827586207,0,0.0,0,0.0
2021-12-23,0,0,0,0,0,0,0,947,0,230,0.0,0.0,0.0,0.0,0.0,0.0,0.0,0.7964676198486123,0.0,0.1934398654331371,12,0.010092514718250631,1189,228,0.191757779646762,0,0.0,0,0.0
2021-12-24,0,0,0,0,0,0,0,281,0,106,0.0,0.0,0.0,0.0,0.0,0.0,0.0,0.7223650385604113,0.0,0.27249357326478146,2,0.005141388174807198,389,105,0.2699228791773779,2,0.005141388174807198,0,0.0
2021-12-25,0,0,0,0,0,0,0,215,0,166,0.0,0.0,0.0,0.0,0.0,0.0,0.0,0.5643044619422573,0.0,0.4356955380577428,0,0.0,381,166,0.4356955380577428,0,0.0,0,0.0
2021-12-26,0,0,0,0,0,0,0,147,0,144,0.0,0.0,0.0,0.0,0.0,0.0,0.0,0.5034246575342466,0.0,0.4931506849315068,1,0.003424657534246575,292,140,0.4794520547945205,4,0.0136986301369863,0,0.0
2021-12-27,0,0,0,0,0,0,0,845,0,582,0.0,0.0,0.0,0.0,0.0,0.0,0.0,0.5880306193458594,0.0,0.40501043841336115,10,0.006958942240779402,1437,581,0.40431454418928325,4,0.0027835768963117608,0,0.0
2021-12-28,0,0,0,0,0,0,0,641,0,578,0.0,0.0,0.0,0.0,0.0,0.0,0.0,0.5215622457282343,0.0,0.47030105777054515,10,0.008136696501220505,1229,578,0.47030105777054515,1,0.0008136696501220504,0,0.0
2021-12-29,0,0,0,0,0,0,0,636,0,890,0.0,0.0,0.0,0.0,0.0,0.0,0.0,0.4121840570317563,0.0,0.5767984445884641,17,0.01101749837977965,1543,893,0.5787427090084252,2,0.0012961762799740765,0,0.0
