alpha,beta,eta,lambda,epsilon,gamma,iota,delta,mu,omicron,alpha_rel,beta_rel,eta_rel,lambda_rel,epsilon_rel,gamma_rel,iota_rel,delta_rel,mu_rel,omicron_rel,other,other_rel,sum,date
1.3333333333333333,0.0,0.0,0.0,0.0,0.0,0.0,0.0,0.0,0.0,1.0,0.0,0.0,0.0,0.0,0.0,0.0,0.0,0.0,0.0,0.0,0.0,1.3333333333333333,2020-05-27
1.0,0.0,0.0,0.0,0.0,0.0,0.0,0.3333333333333333,0.0,0.0,0.6666666666666666,0.0,0.0,0.0,0.0,0.0,0.0,0.3333333333333333,0.0,0.0,0.0,0.0,1.3333333333333333,2020-08-21
0.3333333333333333,0.0,0.0,0.0,0.0,0.0,0.0,0.6666666666666666,0.0,0.0,0.3333333333333333,0.0,0.0,0.0,0.0,0.0,0.0,0.6666666666666666,0.0,0.0,0.0,0.0,1.0,2020-10-17
0.3333333333333333,0.0,0.0,0.0,0.0,0.0,0.0,0.6666666666666666,0.0,0.0,0.3333333333333333,0.0,0.0,0.0,0.0,0.0,0.0,0.6666666666666666,0.0,0.0,0.0,0.0,1.0,2020-12-02
0.6666666666666666,0.0,0.0,0.0,0.0,0.0,0.0,0.3333333333333333,0.0,0.0,0.6666666666666666,0.0,0.0,0.0,0.0,0.0,0.0,0.3333333333333333,0.0,0.0,0.0,0.0,1.0,2020-12-21
1.0,0.0,0.0,0.0,0.0,0.0,0.0,0.0,0.0,0.0,1.0,0.0,0.0,0.0,0.0,0.0,0.0,0.0,0.0,0.0,0.0,0.0,1.0,2020-12-23
1.0,0.0,0.0,0.0,0.0,0.0,0.0,0.0,0.0,0.0,1.0,0.0,0.0,0.0,0.0,0.0,0.0,0.0,0.0,0.0,0.0,0.0,1.0,2020-12-30
0.6666666666666666,0.0,0.0,0.0,0.0,0.0,0.0,0.6666666666666666,0.0,0.0,0.6666666666666666,0.0,0.0,0.0,0.0,0.0,0.0,0.3333333333333333,0.0,0.0,0.0,0.0,1.3333333333333333,2021-01-01
1.6666666666666667,0.0,0.0,0.0,0.0,0.0,0.0,0.6666666666666666,0.0,0.0,0.6666666666666666,0.0,0.0,0.0,0.0,0.0,0.0,0.3333333333333333,0.0,0.0,0.0,0.0,2.3333333333333335,2021-01-02
1.6666666666666667,0.0,0.0,0.0,0.0,0.0,0.0,0.6666666666666666,0.0,0.0,0.6666666666666666,0.0,0.0,0.0,0.0,0.0,0.0,0.3333333333333333,0.0,0.0,0.0,0.0,2.3333333333333335,2021-01-06
2.6666666666666665,0.0,0.0,0.0,0.0,0.0,0.0,0.0,0.0,0.0,1.0,0.0,0.0,0.0,0.0,0.0,0.0,0.0,0.0,0.0,0.0,0.0,2.6666666666666665,2021-01-08
1.6666666666666667,0.0,0.0,0.0,0.0,0.0,0.0,0.0,0.0,0.0,1.0,0.0,0.0,0.0,0.0,0.0,0.0,0.0,0.0,0.0,0.0,0.0,1.6666666666666667,2021-01-10
2.0,1.3333333333333333,0.0,0.0,0.0,0.0,0.0,0.0,0.0,0.0,0.7777777777777778,0.2222222222222222,0.0,0.0,0.0,0.0,0.0,0.0,0.0,0.0,0.0,0.0,3.3333333333333335,2021-01-11
3.3333333333333335,1.3333333333333333,0.0,0.0,0.0,0.0,0.0,0.0,0.0,0.0,0.7777777777777777,0.2222222222222222,0.0,0.0,0.0,0.0,0.0,0.0,0.0,0.0,0.0,0.0,4.666666666666667,2021-01-12
6.333333333333333,1.3333333333333333,0.3333333333333333,0.0,0.0,0.0,0.0,0.0,0.0,0.0,0.7474747474747474,0.2222222222222222,0.030303030303030304,0.0,0.0,0.0,0.0,0.0,0.0,0.0,0.0,0.0,8.0,2021-01-13
6.666666666666667,0.3333333333333333,0.3333333333333333,0.0,0.0,0.0,0.0,0.0,0.0,0.0,0.8863636363636364,0.08333333333333333,0.030303030303030304,0.0,0.0,0.0,0.0,0.0,0.0,0.0,0.0,0.0,7.333333333333333,2021-01-14
8.666666666666666,1.6666666666666667,0.3333333333333333,0.0,0.0,0.0,0.0,0.0,0.0,0.0,0.8079322638146168,0.16176470588235295,0.030303030303030304,0.0,0.0,0.0,0.0,0.0,0.0,0.0,0.0,0.0,10.666666666666666,2021-01-15
7.0,1.6666666666666667,0.0,0.0,0.0,0.0,0.0,0.3333333333333333,0.0,0.0,0.7826797385620914,0.16176470588235295,0.0,0.0,0.0,0.0,0.0,0.05555555555555555,0.0,0.0,0.0,0.0,9.0,2021-01-16
9.666666666666666,1.3333333333333333,0.0,0.0,0.0,0.0,0.0,0.3333333333333333,0.0,0.0,0.8660130718954248,0.0784313725490196,0.0,0.0,0.0,0.0,0.0,0.05555555555555555,0.0,0.0,0.0,0.0,11.333333333333334,2021-01-17
12.666666666666666,0.3333333333333333,0.6666666666666666,0.0,0.0,0.0,0.0,0.6666666666666666,0.0,0.0,0.8931623931623931,0.012820512820512822,0.025641025641025644,0.0,0.0,0.0,0.0,0.06837606837606837,0.0,0.0,0.0,0.0,14.333333333333334,2021-01-18
18.333333333333332,1.0,0.6666666666666666,0.0,0.0,0.0,0.0,0.3333333333333333,0.0,0.0,0.9209401709401709,0.0405982905982906,0.025641025641025644,0.0,0.0,0.0,0.0,0.012820512820512822,0.0,0.0,0.0,0.0,20.333333333333332,2021-01-19
19.333333333333332,1.0,0.6666666666666666,0.0,0.0,0.0,0.0,0.6666666666666666,0.0,0.0,0.8987179487179487,0.0405982905982906,0.025641025641025644,0.0,0.0,0.0,0.0,0.03504273504273504,0.0,0.0,0.0,0.0,21.666666666666668,2021-01-20
16.333333333333332,1.3333333333333333,0.0,0.0,0.0,0.0,0.0,0.3333333333333333,0.0,0.0,0.8874999999999998,0.06944444444444443,0.0,0.0,0.0,0.0,0.0,0.022222222222222223,0.0,0.0,0.3333333333333333,0.020833333333333332,18.333333333333332,2021-01-21
12.666666666666666,1.0,0.0,0.0,0.0,0.0,0.0,0.3333333333333333,0.0,0.0,0.8875000000000001,0.06944444444444443,0.0,0.0,0.0,0.0,0.0,0.022222222222222223,0.0,0.0,0.3333333333333333,0.020833333333333332,14.333333333333334,2021-01-22
9.666666666666666,2.3333333333333335,0.0,0.0,0.0,0.0,0.0,0.3333333333333333,0.0,0.0,0.7430555555555555,0.2027777777777778,0.0,0.0,0.0,0.0,0.0,0.03333333333333333,0.0,0.0,0.3333333333333333,0.020833333333333332,12.666666666666666,2021-01-23
6.666666666666667,2.3333333333333335,0.0,0.0,0.0,0.0,0.0,0.6666666666666666,0.0,0.0,0.6626984126984127,0.2563492063492063,0.0,0.0,0.0,0.0,0.0,0.08095238095238096,0.0,0.0,0.0,0.0,9.666666666666666,2021-01-24
20.0,3.6666666666666665,0.3333333333333333,0.0,0.0,0.0,0.0,1.0,0.0,0.0,0.6502463054187192,0.2573070607553366,0.005747126436781609,0.0,0.0,0.0,0.0,0.08669950738916256,0.0,0.0,0.0,0.0,25.0,2021-01-25
29.333333333333332,2.3333333333333335,0.6666666666666666,0.0,0.0,0.0,0.0,0.6666666666666666,0.0,0.0,0.8071090505167584,0.12397372742200329,0.01555104800540906,0.0,0.0,0.0,0.0,0.053366174055829226,0.0,0.0,0.0,0.0,33.0,2021-01-26
37.666666666666664,3.0,1.3333333333333333,0.0,0.0,0.0,0.0,0.3333333333333333,0.0,0.0,0.8928233362310442,0.06683087027914614,0.03459866705302811,0.0,0.0,0.0,0.0,0.005747126436781609,0.0,0.0,0.0,0.0,42.333333333333336,2021-01-27
48.0,1.3333333333333333,2.0,0.0,0.0,0.0,0.0,0.0,0.0,0.0,0.9175493453195233,0.03809523809523809,0.04047944759299068,0.0,0.0,0.0,0.0,0.0,0.0,0.0,0.3333333333333333,0.003875968992248062,51.666666666666664,2021-01-28
54.333333333333336,2.3333333333333335,2.0,0.0,0.0,0.0,0.0,0.0,0.0,0.0,0.9035437430786267,0.05595238095238095,0.03662790697674418,0.0,0.0,0.0,0.0,0.0,0.0,0.0,0.3333333333333333,0.003875968992248062,59.0,2021-01-29
49.666666666666664,1.3333333333333333,1.3333333333333333,0.0,0.0,0.0,0.0,0.0,0.0,0.0,0.9398532668881506,0.038690476190476185,0.017580287929125138,0.0,0.0,0.0,0.0,0.0,0.0,0.0,0.3333333333333333,0.003875968992248062,52.666666666666664,2021-01-30
27.0,1.3333333333333333,0.3333333333333333,0.0,0.0,0.0,0.0,0.0,0.0,0.0,0.9553571428571429,0.038690476190476185,0.005952380952380952,0.0,0.0,0.0,0.0,0.0,0.0,0.0,0.0,0.0,28.666666666666668,2021-01-31
37.333333333333336,2.0,1.0,0.6666666666666666,0.0,0.0,0.0,0.0,0.0,0.0,0.9433243727598567,0.03875448028673835,0.01075268817204301,0.007168458781362008,0.0,0.0,0.0,0.0,0.0,0.0,0.0,0.0,41.0,2021-02-01
80.66666666666667,2.0,1.6666666666666667,0.6666666666666666,0.0,0.0,0.0,0.0,0.0,0.0,0.9574009493364332,0.020173399205657267,0.015257192676547515,0.007168458781362008,0.0,0.0,0.0,0.0,0.0,0.0,0.0,0.0,85.0,2021-02-02
101.33333333333333,4.333333333333333,2.0,0.6666666666666666,0.0,0.0,0.0,0.0,0.0,0.0,0.9256549175904013,0.04795117698343504,0.019225446644801483,0.007168458781362008,0.0,0.0,0.0,0.0,0.0,0.0,0.0,0.0,108.33333333333333,2021-02-03
102.0,3.6666666666666665,1.3333333333333333,0.0,0.0,0.0,0.0,0.0,0.0,0.0,0.9465159380889717,0.0412659850862098,0.012218076824818397,0.0,0.0,0.0,0.0,0.0,0.0,0.0,0.0,0.0,107.0,2021-02-04
84.0,5.0,2.0,0.0,0.0,0.0,0.0,0.0,0.0,0.0,0.9232726948457285,0.05568039950062422,0.021046905653647224,0.0,0.0,0.0,0.0,0.0,0.0,0.0,0.0,0.0,91.0,2021-02-05
72.0,3.3333333333333335,2.0,0.0,0.0,0.0,0.0,0.0,0.0,0.0,0.9317629126382719,0.043406497691838686,0.02483058966988938,0.0,0.0,0.0,0.0,0.0,0.0,0.0,0.0,0.0,77.33333333333333,2021-02-06
49.0,2.3333333333333335,2.0,0.0,0.0,0.0,0.0,0.3333333333333333,0.0,0.0,0.9097071490094746,0.03217054263565892,0.03960378983634797,0.0,0.0,0.0,0.0,0.018518518518518517,0.0,0.0,0.0,0.0,53.666666666666664,2021-02-07
48.0,1.3333333333333333,1.6666666666666667,0.3333333333333333,0.0,0.0,0.0,0.3333333333333333,0.0,0.0,0.9151457455007027,0.022521419828641368,0.036796772292488324,0.0035087719298245615,0.0,0.0,0.0,0.018518518518518517,0.0,0.0,0.3333333333333333,0.0035087719298245615,52.0,2021-02-08
68.33333333333333,1.6666666666666667,1.6666666666666667,0.6666666666666666,0.0,0.0,0.0,0.3333333333333333,0.0,0.0,0.9226782890139394,0.01645150612380007,0.03218948839604252,0.006653426017874876,0.0,0.0,0.0,0.018518518518518517,0.0,0.0,0.3333333333333333,0.0035087719298245615,73.0,2021-02-09
102.0,2.3333333333333335,1.6666666666666667,1.0,0.6666666666666666,1.6666666666666667,0.0,0.0,0.0,0.0,0.9310694927176432,0.0216598394571334,0.016275136544190664,0.009257592684541542,0.005208333333333333,0.013020833333333334,0.0,0.0,0.0,0.0,0.3333333333333333,0.0035087719298245615,109.66666666666667,2021-02-10
118.33333333333333,3.0,1.3333333333333333,1.0,1.0,1.6666666666666667,0.0,0.0,0.0,0.0,0.9372400916287139,0.023837697896334855,0.010346521904142267,0.008047671329429624,0.007507183908045977,0.013020833333333334,0.0,0.0,0.0,0.0,0.0,0.0,126.33333333333333,2021-02-11
137.66666666666666,3.6666666666666665,2.3333333333333335,0.6666666666666666,1.0,1.6666666666666667,0.0,0.0,0.0,0.0,0.9332394961912535,0.024265668571039924,0.015091414167176768,0.004903017241379311,0.007507183908045977,0.013020833333333334,0.0,0.0,0.0,0.0,0.3333333333333333,0.0019723865877712033,147.33333333333334,2021-02-12
125.66666666666667,3.6666666666666665,2.6666666666666665,0.3333333333333333,0.3333333333333333,0.3333333333333333,0.0,0.0,0.0,0.0,0.9425054845633465,0.026809273222202713,0.020239185485006226,0.0022988505747126436,0.0022988505747126436,0.003875968992248062,0.0,0.0,0.0,0.0,0.3333333333333333,0.0019723865877712033,133.33333333333334,2021-02-13
84.33333333333333,2.3333333333333335,3.0,0.0,0.0,0.3333333333333333,0.0,0.0,0.0,0.0,0.8824649166120281,0.017613870923352138,0.07446501374734564,0.0,0.0,0.003875968992248062,0.0,0.0,0.0,0.0,0.6666666666666666,0.021580229725026105,90.66666666666667,2021-02-14
87.33333333333333,2.3333333333333335,2.6666666666666665,0.0,0.0,0.6666666666666666,0.0,0.0,0.0,0.0,0.8852396299473672,0.017168133841369948,0.07222518491038513,0.0,0.0,0.005759208163622826,0.0,0.0,0.0,0.0,0.3333333333333333,0.0196078431372549,93.33333333333333,2021-02-15
126.0,2.3333333333333335,2.6666666666666665,0.0,0.0,0.6666666666666666,0.0,0.0,0.0,0.0,0.8947672581598392,0.012700268106463313,0.06775731917547849,0.0,0.0,0.0035252752961695104,0.0,0.0,0.0,0.0,0.6666666666666666,0.021249879262049645,132.33333333333334,2021-02-16
185.66666666666666,3.0,3.0,0.0,0.0,0.6666666666666666,0.0,0.0,0.0,0.0,0.9630976206078486,0.01606727147346668,0.01566779649772052,0.0,0.0,0.0035252752961695104,0.0,0.0,0.0,0.0,0.3333333333333333,0.0016420361247947454,192.66666666666666,2021-02-17
200.66666666666666,1.6666666666666667,2.3333333333333335,0.3333333333333333,0.0,0.3333333333333333,0.0,0.0,0.0,0.0,0.9739023799090539,0.008187173926884717,0.011554177293888085,0.0015360983102918587,0.0,0.0016420361247947454,0.0,0.0,0.0,0.0,0.6666666666666666,0.0031781344350866043,206.0,2021-02-18
212.33333333333334,3.0,2.0,1.0,0.0,1.0,0.3333333333333333,0.0,0.0,0.0,0.9635116816780654,0.013000267669198061,0.009619632709615732,0.004235153640926137,0.0,0.004048582995951417,0.001349527665317139,0.0,0.0,0.0,1.0,0.004235153640926137,220.66666666666666,2021-02-19
180.33333333333334,3.6666666666666665,0.6666666666666666,1.0,0.0,1.0,0.3333333333333333,0.0,0.0,0.0,0.9602793584457422,0.022966597635528024,0.002885625975608999,0.004235153640926137,0.0,0.004048582995951417,0.001349527665317139,0.0,0.0,0.0,1.0,0.004235153640926137,188.0,2021-02-20
120.66666666666667,3.3333333333333335,2.6666666666666665,1.0,0.0,1.3333333333333333,0.3333333333333333,0.0,0.0,0.0,0.8906661759293337,0.021430499325236173,0.05437983069562017,0.010274812906391853,0.0,0.011624340571708991,0.001349527665317139,0.0,0.0,0.0,1.0,0.010274812906391853,130.33333333333334,2021-02-21
182.0,3.6666666666666665,3.0,1.0,0.0,0.3333333333333333,0.0,0.0,0.0,0.0,0.9015632965165675,0.018785046728971962,0.054587935429056926,0.00913338997451147,0.0,0.007575757575757576,0.0,0.0,0.0,0.0,0.6666666666666666,0.008354573775134523,190.66666666666666,2021-02-22
240.66666666666666,4.0,3.0,1.3333333333333333,0.0,0.3333333333333333,0.0,0.0,0.0,0.0,0.9065334279383118,0.011425429046773636,0.054587935429056926,0.010328133104738471,0.0,0.007575757575757576,0.0,0.0,0.0,0.0,1.0,0.009549316905361524,250.33333333333334,2021-02-23
354.6666666666667,5.666666666666667,2.3333333333333335,1.0,0.0,0.0,0.0,0.0,0.0,0.0,0.9711513293171388,0.0157099191924463,0.0058421225444265585,0.002752375528980895,0.0,0.0,0.0,0.0,0.0,0.0,1.6666666666666667,0.004544253417007547,365.3333333333333,2021-02-24
323.0,5.333333333333333,3.6666666666666665,0.6666666666666666,0.0,0.0,0.0,0.0,0.0,0.0,0.9665667754509556,0.016228355050539017,0.010254639399404008,0.002189768005848892,0.0,0.0,0.0,0.0,0.0,0.0,1.6666666666666667,0.00476046209325249,334.3333333333333,2021-02-25
331.6666666666667,6.666666666666667,3.6666666666666665,1.0,0.0,0.6666666666666666,0.0,0.0,0.0,0.0,0.9599727124052797,0.019870024014788625,0.010254639399404008,0.0031317770123740277,0.0,0.0021367521367521365,0.0,0.0,0.0,0.0,1.6666666666666667,0.004634095031401558,345.3333333333333,2021-02-26
237.33333333333334,5.666666666666667,2.0,1.0,0.0,0.6666666666666666,0.0,0.0,0.0,0.0,0.9640948429243794,0.022603077728765086,0.005970149253731343,0.0031317770123740277,0.0,0.0021367521367521365,0.0,0.0,0.0,0.0,0.6666666666666666,0.002063400943997959,247.33333333333334,2021-02-27
151.33333333333334,4.0,0.0,2.0,0.0,0.6666666666666666,0.0,0.0,0.0,0.0,0.9490396839367091,0.02146384634942988,0.0,0.021460423634336676,0.0,0.0021367521367521365,0.0,0.0,0.0,0.0,0.6666666666666666,0.005899293942772204,158.66666666666666,2021-02-28
153.66666666666666,7.0,1.0,1.3333333333333333,1.0,0.3333333333333333,0.0,0.0,0.0,0.0,0.9359689208659461,0.029866479752063278,0.003003003003003003,0.019323671497584544,0.003003003003003003,0.001001001001001001,0.0,0.0,0.0,0.0,1.3333333333333333,0.007833920877399139,165.66666666666666,2021-03-01
217.33333333333334,11.666666666666666,1.3333333333333333,1.6666666666666667,1.0,1.6666666666666667,0.3333333333333333,0.0,0.0,0.0,0.9130719348110653,0.03994295298643125,0.004071379071379072,0.02039204756596061,0.003003003003003003,0.005274505274505274,0.0010683760683760683,0.0,0.0,0.0,3.0,0.013175801219279479,238.0,2021-03-02
307.3333333333333,14.666666666666666,3.6666666666666665,0.3333333333333333,1.0,2.6666666666666665,0.3333333333333333,0.0,0.0,0.0,0.9205218615330976,0.044475330992184925,0.01062568618748394,0.0010683760683760707,0.003003003003003003,0.008083494038550217,0.0010683760683760683,0.0,0.0,0.0,3.6666666666666665,0.011153872108928287,333.6666666666667,2021-03-03
321.6666666666667,10.666666666666666,3.6666666666666665,0.3333333333333333,0.0,2.3333333333333335,0.3333333333333333,0.0,0.0,0.0,0.9374387784500143,0.03201286852972246,0.010400460962258716,0.0010683760683760707,0.0,0.007082493037549216,0.0010683760683760683,0.0,0.0,0.0,3.6666666666666665,0.010928646883703062,342.6666666666667,2021-03-04
342.0,9.666666666666666,5.333333333333333,0.0,0.0,1.0,0.0,0.0,0.0,0.0,0.9448307858420218,0.026630563147417085,0.014737490299288052,2.3129646346357427e-18,0.0,0.0028089887640449437,0.0,0.0,0.0,0.0,4.0,0.010992171947228126,362.0,2021-03-05
297.0,7.333333333333333,3.6666666666666665,0.0,0.3333333333333333,0.0,0.0,0.0,0.0,0.0,0.9518736127431779,0.022098185141663406,0.011403795099447273,2.3129646346357427e-18,0.001610305958132045,0.0,0.0,0.0,0.0,0.0,4.0,0.013014101057579318,312.3333333333333,2021-03-06
213.66666666666666,6.333333333333333,2.6666666666666665,0.3333333333333333,0.3333333333333333,0.0,0.0,0.0,0.0,0.0,0.9437539546235199,0.02615801420149247,0.008626017321669496,0.0032051282051282076,0.001610305958132045,0.0,0.0,0.0,0.0,0.0,3.6666666666666665,0.016646579690057953,227.0,2021-03-07
263.0,6.333333333333333,1.3333333333333333,1.0,0.3333333333333333,0.3333333333333333,0.0,0.0,0.0,0.0,0.94896878483835,0.022779635823114087,0.0045026631983153724,0.0044871794871794895,0.001610305958132045,0.000641025641025641,0.0,0.0,0.0,0.0,4.666666666666667,0.017010405053883317,277.0,2021-03-08
363.3333333333333,7.666666666666667,2.0,2.0,0.0,0.6666666666666666,0.0,0.3333333333333333,0.0,0.0,0.9518561226008034,0.02246193522789268,0.0038610325844368396,0.006421415463968658,0.0,0.0012857709666220303,0.0,0.0006447453255963894,0.0,0.0,4.333333333333333,0.01346897783067996,380.3333333333333,2021-03-09
472.6666666666667,11.0,4.333333333333333,1.6666666666666667,0.0,0.6666666666666666,0.0,0.3333333333333333,0.0,0.0,0.9533091140537948,0.022476180242137694,0.009046217769622025,0.003216287258840453,0.0,0.0012857709666220303,0.0,0.0006447453255963894,0.0,0.0,5.0,0.010021684383386511,495.6666666666667,2021-03-10
427.0,9.666666666666666,4.333333333333333,1.6666666666666667,0.3333333333333333,0.6666666666666666,0.0,0.3333333333333333,0.0,0.0,0.9520491671041927,0.02210040659050197,0.009532513083503545,0.0037025825727219734,0.0008841732979664014,0.0015289186235627908,0.0,0.0006447453255963894,0.0,0.0,4.0,0.00955749340195415,448.0,2021-03-11
386.6666666666667,13.666666666666666,4.333333333333333,1.6666666666666667,0.3333333333333333,0.6666666666666666,0.0,0.0,0.0,0.0,0.9354059953943064,0.032922136849664614,0.010181941789189013,0.004189654101986074,0.0008841732979664014,0.0016912757999841578,0.0,0.0,0.0,0.0,6.0,0.014724822766903423,413.3333333333333,2021-03-12
306.6666666666667,10.666666666666666,2.0,1.6666666666666667,0.3333333333333333,0.6666666666666666,0.0,0.0,0.0,0.0,0.946166229312435,0.030310051079684108,0.004996756604003828,0.004189654101986074,0.0008841732979664014,0.0016912757999841578,0.0,0.0,0.0,0.0,4.666666666666667,0.01176185980394046,326.6666666666667,2021-03-13
219.0,8.666666666666666,1.3333333333333333,1.0,0.0,0.3333333333333333,0.0,0.0,0.0,0.0,0.9543172019030628,0.032769158064653164,0.0032284100080710253,0.002421307506053271,0.0,0.0008071025020177563,0.0,0.0,0.0,0.0,2.6666666666666665,0.0064568200161420515,233.0,2021-03-14
289.3333333333333,5.666666666666667,3.6666666666666665,0.3333333333333333,0.0,0.3333333333333333,0.0,0.0,0.0,0.0,0.9669239340260035,0.022827953784136722,0.005933117583603021,0.0005393743257820951,0.0,0.0005393743257820928,0.0,0.0,0.0,0.0,2.0,0.0032362459546925577,301.3333333333333,2021-03-15
380.0,6.666666666666667,6.0,0.6666666666666666,0.0,1.3333333333333333,0.0,0.0,0.0,0.0,0.9573439675122087,0.020651350450075424,0.010774058109190849,0.001230937258008928,0.0,0.0026140631224625907,0.0,0.0,0.0,0.0,4.0,0.007385623548053552,398.6666666666667,2021-03-16
519.0,9.333333333333334,7.666666666666667,1.0,0.0,1.3333333333333333,0.0,0.0,0.0,0.0,0.9527793607706356,0.017101100762185288,0.013895156735907454,0.0018551569833522485,0.0,0.0026140631224625907,0.0,0.0,0.0,0.0,6.333333333333333,0.0117551616254568,544.6666666666666,2021-03-17
479.0,7.0,7.0,0.6666666666666666,0.0,1.0,0.0,0.0,0.0,0.0,0.9561008876762219,0.013760745594713438,0.014122203423351659,0.0013157826575701558,0.0,0.002074688796680498,0.0,0.0,0.0,0.0,6.333333333333333,0.012625691851462395,501.0,2021-03-18
499.0,6.666666666666667,6.0,0.3333333333333333,0.0,0.6666666666666666,0.0,0.0,0.0,0.0,0.9615043681989195,0.012651148352707697,0.011768825086818558,0.000624219725343323,0.0,0.0012437810945273632,0.0,0.0,0.0,0.0,6.333333333333333,0.012207657541683488,519.0,2021-03-19
432.6666666666667,4.666666666666667,6.333333333333333,1.0,0.0,1.0,0.0,0.0,0.0,0.0,0.9563446546988007,0.010819978101020797,0.014690022532609507,0.003021148036253779,0.0,0.0022508304399452886,0.0,0.0,0.0,0.0,5.666666666666667,0.01287336619136987,451.3333333333333,2021-03-20
324.6666666666667,6.333333333333333,5.0,1.0,0.0,1.3333333333333333,0.0,0.0,0.0,0.0,0.9374149832408952,0.025433256677338385,0.018946524928228948,0.003021148036253779,0.0,0.004334163773278622,0.0,0.0,0.0,0.0,4.0,0.010849923344005051,342.3333333333333,2021-03-21
350.3333333333333,8.333333333333334,9.0,1.0,0.0,0.6666666666666666,0.0,0.3333333333333333,0.0,0.0,0.925656483096858,0.02796169430142453,0.024805337282731862,0.003021148036253779,0.0,0.0030903826787512588,0.0,0.0005216484089723526,0.0,0.0,7.0,0.01494330619500825,376.6666666666667,2021-03-22
363.6666666666667,11.333333333333334,10.0,0.0,0.0,0.3333333333333333,0.0,0.3333333333333333,0.0,0.0,0.916360240567987,0.035047659695547025,0.026555249002432103,2.3129646346357427e-18,0.0,0.0020833333333333333,0.0,0.0005216484089723526,0.0,0.0,9.0,0.019431868991728145,394.6666666666667,2021-03-23
490.6666666666667,14.0,10.666666666666666,0.0,0.0,0.0,0.0,1.0,0.0,0.0,0.9273721453298918,0.027904802552689883,0.020305249002432104,2.3129646346357427e-18,0.0,0.0,0.0,0.0017121245994485429,0.0,0.0,11.666666666666666,0.02270567851553767,528.0,2021-03-24
450.0,11.666666666666666,6.333333333333333,0.3333333333333333,0.0,0.0,0.0,0.6666666666666666,0.0,0.0,0.9387600494743352,0.02504638218923934,0.013999690785405071,0.0006802721088435398,0.0,0.0,0.0,0.0011904761904761904,0.0,0.0,9.333333333333334,0.02032312925170068,478.3333333333333,2021-03-25
525.0,10.666666666666666,5.333333333333333,0.3333333333333333,0.0,0.0,0.0,0.6666666666666666,0.0,0.0,0.9553981692844081,0.019046483367971566,0.009546381156803289,0.0006802721088435398,0.0,0.0,0.0,0.0011904761904761904,0.0,0.0,7.666666666666667,0.014138217891497168,549.6666666666666,2021-03-26
407.3333333333333,5.333333333333333,3.3333333333333335,0.3333333333333333,0.0,0.0,0.0,0.0,0.0,0.0,0.9699544463406854,0.009522673844162043,0.007273653884076016,0.0006802721088435398,0.0,0.0,0.0,0.0,0.0,0.0,5.333333333333333,0.0125689538222331,421.6666666666667,2021-03-27
309.3333333333333,4.0,2.6666666666666665,0.0,0.0,0.0,0.0,0.0,0.0,0.0,0.9707082613802146,0.007923115101746156,0.007034639359347204,2.3129646346357427e-18,0.0,0.0,0.0,0.0,0.0,0.0,4.0,0.014333984158692007,320.0,2021-03-28
336.6666666666667,4.0,4.333333333333333,0.3333333333333333,0.0,0.0,0.0,0.0,0.0,0.0,0.9694365316090208,0.00713901674600365,0.00903295613994304,0.0004852013585638063,0.0,0.0,0.0,0.0,0.0,0.0,4.0,0.013906294146468821,349.3333333333333,2021-03-29
443.6666666666667,6.666666666666667,6.666666666666667,1.0,0.0,0.3333333333333333,0.0,0.0,0.0,0.0,0.95603438032519,0.012228075270176678,0.012228075270176672,0.0017574659896070633,0.0,0.0006361323155216284,0.0,0.0,0.0,0.0,7.0,0.01711587082932795,465.3333333333333,2021-03-30
603.0,11.0,9.333333333333334,1.0,0.0,1.3333333333333333,0.0,0.0,0.0,0.0,0.9499858462419738,0.017170011425985666,0.014761533583981808,0.0017574659896070633,0.0,0.0020812190207239404,0.0,0.0,0.0,0.0,8.666666666666666,0.014243923737727676,634.3333333333334,2021-03-31
628.0,9.666666666666666,6.666666666666667,1.3333333333333333,0.0,2.0,0.0,0.0,0.0,0.0,0.9556346998247213,0.014935633361216448,0.010754105873822516,0.0021587894537382947,0.0,0.002967743843418976,0.0,0.0,0.0,0.0,8.333333333333334,0.013549027643082441,656.0,2021-04-01
594.3333333333334,8.0,5.666666666666667,0.6666666666666666,0.0,1.6666666666666667,0.0,0.0,0.0,0.0,0.967255982723206,0.012334137026098146,0.009810984331407367,0.0008865248226950377,0.0,0.0023316115278973477,0.0,0.0,0.0,0.0,5.0,0.007380759568696102,615.3333333333334,2021-04-02
431.6666666666667,4.333333333333333,3.6666666666666665,1.3333333333333333,0.0,1.3333333333333333,0.0,0.0,0.0,0.0,0.9603058038077092,0.011084904562992848,0.010970229710305923,0.0045495284856987015,0.0,0.004549528485698699,0.0,0.0,0.0,0.0,3.0,0.008540004947594661,445.3333333333333,2021-04-03
236.33333333333334,2.6666666666666665,3.0,0.6666666666666666,0.0,0.6666666666666666,0.3333333333333333,0.0,0.0,0.0,0.9598977675482568,0.01239707872108782,0.01184794799502717,0.0036630036630036656,0.0,0.0036630036630036634,0.002207505518763797,0.0,0.0,0.0,1.3333333333333333,0.0063236928908570736,245.0,2021-04-04
184.0,2.6666666666666665,2.3333333333333335,2.0,0.0,0.6666666666666666,0.3333333333333333,0.0,0.0,0.0,0.9512314218573565,0.013941774596549222,0.01173426907778542,0.009039347749025171,0.0,0.0036630036630036634,0.002207505518763797,0.0,0.0,0.0,1.6666666666666667,0.008182677537516251,193.66666666666666,2021-04-05
351.0,5.666666666666667,4.333333333333333,1.6666666666666667,0.0,0.6666666666666666,0.3333333333333333,0.0,0.0,0.0,0.9598462638055317,0.014145274800049424,0.010513267856784199,0.005851177894188649,0.0,0.000949667616334283,0.002207505518763797,0.0,0.0,0.0,3.3333333333333335,0.006486842508347887,367.0,2021-04-06
542.6666666666666,13.333333333333334,6.666666666666667,2.3333333333333335,0.0,2.3333333333333335,0.0,0.3333333333333333,0.0,0.0,0.9478970651013662,0.020552774585032654,0.011768965801223866,0.006716978759989517,0.0,0.0031141697808364475,0.0,0.0004329004329004329,0.0,0.0,5.666666666666667,0.009517145538650918,573.3333333333334,2021-04-07
708.0,17.666666666666668,8.666666666666666,1.3333333333333333,0.0,3.0,0.0,0.3333333333333333,0.0,0.0,0.9488153194367883,0.02347401499943873,0.011648050631101478,0.001775228328900649,0.0,0.003983357090701724,0.0,0.0004329004329004329,0.0,0.0,7.333333333333333,0.00987112908016863,746.3333333333334,2021-04-08
720.3333333333334,17.666666666666668,8.333333333333334,1.0,0.0,2.6666666666666665,0.0,0.6666666666666666,0.0,0.0,0.9513115885997242,0.02321818617218133,0.011002664271429404,0.0013003945207335072,0.0,0.0034872042135964654,0.0,0.0008864151721294577,0.0,0.0,6.666666666666667,0.00879354705020565,757.3333333333334,2021-04-09
587.0,10.666666666666666,7.333333333333333,0.6666666666666666,0.0,1.0,0.0,0.3333333333333333,0.0,0.0,0.9572540141267195,0.016352154083597314,0.012485059225634448,0.0014237133384143428,0.0,0.001322702049094301,0.0,0.0004535147392290249,0.0,0.0,6.0,0.010708842437311123,613.0,2021-04-10
379.6666666666667,6.333333333333333,4.333333333333333,0.3333333333333333,0.0,0.3333333333333333,0.0,0.3333333333333333,0.0,0.0,0.963615234527238,0.018248213126799,0.008573716331240705,0.0009891196834817047,0.0,0.0004535147392290249,0.0,0.0004535147392290249,0.0,0.0,3.6666666666666665,0.0076666868527826585,395.0,2021-04-11
373.3333333333333,7.0,5.0,0.3333333333333333,0.0,1.0,0.6666666666666666,0.0,0.0,0.0,0.9524719918050478,0.019103832027530684,0.009444023968465637,0.0009891196834817047,0.0,0.001349527665317139,0.0008996851102114259,0.0,0.0,0.0,9.666666666666666,0.01574181973994562,397.0,2021-04-12
513.6666666666666,14.0,7.0,1.0,0.0,1.3333333333333333,0.6666666666666666,0.0,0.0,0.0,0.943172291010665,0.025551015382659224,0.009076036870241484,0.0012484394506866452,0.0,0.0017656741488793527,0.0008996851102114259,0.0,0.0,0.0,14.0,0.018286858026656964,551.6666666666666,2021-04-13
684.3333333333334,16.0,10.0,1.0,0.0,1.6666666666666667,0.6666666666666666,0.6666666666666666,0.0,0.0,0.9314084749782388,0.02122634473836339,0.013600923748069538,0.0012484394506866452,0.0,0.0022684393575269145,0.0008996851102114259,0.0010055304172951233,0.0,0.0,20.666666666666668,0.028342162199608195,735.0,2021-04-14
720.6666666666666,15.0,11.333333333333334,1.0,0.0,2.0,0.0,0.6666666666666666,0.0,0.0,0.9370611228859906,0.019278094241695586,0.014638283092227908,0.0012484394506866452,0.0,0.002500564519414204,0.0,0.0010055304172951233,0.0,0.0,18.333333333333332,0.024267965392689907,769.0,2021-04-15
745.0,14.333333333333334,11.0,0.0,0.0,2.3333333333333335,0.0,1.0,0.0,0.0,0.9380125182104401,0.01761635537574932,0.013861507957004027,3.469446951953614e-18,0.0,0.0028445852726440846,0.0,0.0013856140356911701,0.0,0.0,20.666666666666668,0.026279419148471234,794.3333333333334,2021-04-16
598.6666666666666,13.666666666666666,8.0,0.0,0.0,2.0,0.0,0.6666666666666666,0.0,0.0,0.9413547345974599,0.025181278515192418,0.009336621079175971,3.469446951953614e-18,0.0,0.002341820063996523,0.0,0.00210719933514907,0.0,0.0,14.666666666666666,0.019678346409026045,637.6666666666666,2021-04-17
360.6666666666667,10.0,3.6666666666666665,0.0,0.3333333333333333,0.6666666666666666,0.0,1.0,0.0,0.0,0.940604348170917,0.02083173324038024,0.007588714971839259,3.469446951953614e-18,0.003787878787878788,0.0007601672367920942,0.0,0.005895078123027858,0.0,0.0,9.666666666666666,0.020532079469164802,386.0,2021-04-18
342.3333333333333,4.333333333333333,5.333333333333333,0.3333333333333333,0.3333333333333333,1.0,0.0,2.0,0.3333333333333333,0.0,0.9432386885149419,0.014555901262647239,0.009953106901318986,0.0004110152075626833,0.003787878787878788,0.0012330456226880395,0.0,0.00715905533488253,0.0004110152075626798,0.0,8.0,0.019250293160517216,364.0,2021-04-19
492.3333333333333,4.666666666666667,8.333333333333334,0.6666666666666666,0.3333333333333333,1.6666666666666667,0.0,3.3333333333333335,0.6666666666666666,0.0,0.9343089723200267,0.006347702113886511,0.014319919128393222,0.0008962165661264873,0.003787878787878788,0.0022034483398156476,0.0,0.007857946410948528,0.0008962165661264838,0.0,16.666666666666668,0.02938169976679769,528.6666666666666,2021-04-20
711.3333333333334,9.333333333333334,12.666666666666666,0.6666666666666666,0.0,2.6666666666666665,0.0,5.0,0.6666666666666666,0.0,0.9233180669564276,0.012087759514460518,0.016272097741088436,0.0008962165661264873,0.0,0.0034334606399386487,0.0,0.006530092223315742,0.0008962165661264838,0.0,28.0,0.036566089792516125,770.3333333333334,2021-04-21
732.0,9.333333333333334,8.666666666666666,0.6666666666666666,0.0,2.6666666666666665,0.0,6.666666666666667,0.3333333333333333,0.0,0.9298990950877629,0.011949956976884205,0.011271013981548124,0.0008732494765304353,0.0,0.003364559371150493,0.0,0.008378464454764672,0.000485201358563804,0.0,26.0,0.03377845929279532,786.3333333333334,2021-04-22
781.3333333333334,8.666666666666666,7.0,0.6666666666666666,0.0,3.6666666666666665,0.0,7.666666666666667,0.3333333333333333,0.0,0.9334269374239553,0.010454980953242508,0.008495291651053045,0.0007858205921114206,0.0,0.004383019024746831,0.0,0.009134637455103968,0.0003977724741447892,0.0,27.333333333333332,0.03292154042564206,836.6666666666666,2021-04-23
675.6666666666666,5.333333333333333,3.3333333333333335,0.6666666666666666,0.0,2.6666666666666665,0.0,6.333333333333333,0.3333333333333333,0.0,0.9534183988064591,0.00777302752820367,0.005048812232130416,0.0007858205921114206,0.0,0.0031530067246238296,0.0,0.00820366484262555,0.0003977724741447892,0.0,16.666666666666668,0.021219496799701216,711.0,2021-04-24
467.3333333333333,3.3333333333333335,2.3333333333333335,0.3333333333333333,0.0,2.0,0.0,3.3333333333333335,0.3333333333333333,0.0,0.9624130066751482,0.005444738820403905,0.003884667878230533,0.00039777247414479267,0.0,0.003647237163427097,0.0,0.0047112317809258975,0.0003977724741447892,0.0,12.666666666666666,0.019103572733574728,491.6666666666667,2021-04-25
460.3333333333333,4.666666666666667,1.6666666666666667,1.0,0.0,4.0,0.6666666666666666,4.666666666666667,0.0,0.0,0.9633558203992282,0.007158144975945173,0.003113586181733377,0.0012300123001230047,0.0,0.006168419893154156,0.0008200082000820009,0.00644910118825959,0.0,0.0,6.333333333333333,0.011704906861474481,483.3333333333333,2021-04-26
524.6666666666666,4.666666666666667,3.0,1.0,0.0,5.0,0.6666666666666666,7.333333333333333,0.3333333333333333,0.0,0.9491982727775489,0.00610807312892406,0.004334064424981599,0.0012300123001230047,0.0,0.007674443989539699,0.0008200082000820009,0.009940129521777146,0.0005020080321285141,0.0,12.666666666666666,0.020192987624895135,559.3333333333334,2021-04-27
599.6666666666666,6.0,5.0,1.3333333333333333,0.0,7.333333333333333,0.6666666666666666,11.333333333333334,0.3333333333333333,0.0,0.9273618029527597,0.009006623853561742,0.00868189051193812,0.001954649981282425,0.0,0.011813170646111912,0.0008200082000820009,0.018635781695690187,0.0005020080321285141,0.0,14.0,0.021224064126445355,645.6666666666666,2021-04-28
573.3333333333334,3.3333333333333335,9.333333333333334,1.0,0.0,6.666666666666667,0.6666666666666666,11.666666666666666,0.3333333333333333,0.0,0.9237641143300119,0.00581115092189891,0.01464614282745992,0.0016292057499065968,0.0,0.011373681855023183,0.0009045680687471731,0.01959542494205481,0.0005020080321285141,0.0,14.0,0.021773703272768976,620.3333333333334,2021-04-29
586.3333333333334,4.333333333333333,8.0,1.3333333333333333,0.0,8.333333333333334,0.6666666666666666,9.333333333333334,0.0,0.0,0.9304943638374482,0.007179867466805018,0.012579264605454677,0.002111598417538049,0.0,0.01372679909968926,0.0009045680687471731,0.016022522623664024,0.0,0.0,11.0,0.01698101588065348,629.3333333333334,2021-04-30
506.0,3.3333333333333335,6.666666666666667,1.0,0.0,6.333333333333333,0.6666666666666666,5.666666666666667,0.0,0.0,0.9366874013393159,0.0059995298005865805,0.011667864635336644,0.0013869607363786284,0.0,0.011366123767252384,0.0009045680687471731,0.009045083508170225,0.0,0.0,11.0,0.022942468144212424,540.6666666666666,2021-05-01
337.0,3.0,1.6666666666666667,0.6666666666666666,0.0,3.3333333333333335,0.0,2.3333333333333335,0.0,0.0,0.9491239628811797,0.006936582357990421,0.004883604119732844,0.002324013293782468,0.0,0.0072955674578901045,0.0,0.008690252939766639,0.0,0.0,7.333333333333333,0.02074601694965782,355.3333333333333,2021-05-02
524.3333333333334,14.666666666666666,6.0,1.0,0.0,3.3333333333333335,0.0,5.333333333333333,0.6666666666666666,0.0,0.934992083042896,0.013976500351236924,0.007404680085092455,0.002337652372182762,0.0,0.005420553100965474,0.0,0.010219265413062758,0.000496031746031746,0.0,17.666666666666668,0.025153233888531783,573.0,2021-05-03
692.6666666666666,24.0,12.333333333333334,1.6666666666666667,0.0,5.0,0.0,10.333333333333334,0.6666666666666666,0.0,0.9132557053940752,0.024541218254274688,0.012862790181722837,0.0031847510591797973,0.0,0.004948972388616608,0.0,0.015277841850619797,0.000496031746031746,0.0,24.0,0.025432689125479257,770.6666666666666,2021-05-04
814.3333333333334,31.333333333333332,13.666666666666666,1.3333333333333333,0.0,6.0,0.3333333333333333,16.0,1.0,0.0,0.8840076656604386,0.03512531345740514,0.01502378423898918,0.0013431304330287844,0.0,0.006569717931566365,0.0005402485143165856,0.020557950258498468,0.0010362802603483318,0.0,32.0,0.03579590924540846,916.0,2021-05-05
614.3333333333334,19.333333333333332,11.0,0.6666666666666666,0.0,4.666666666666667,0.3333333333333333,16.333333333333332,0.3333333333333333,0.0,0.8956886083627228,0.027757427278543356,0.015120570921141717,0.0008470986869970384,0.0,0.006618111272642634,0.0005402485143165856,0.024187450839218565,0.0005402485143165856,0.0,19.666666666666668,0.028700235610100672,686.6666666666666,2021-05-06
642.6666666666666,15.0,9.666666666666666,0.3333333333333333,0.0,5.666666666666667,0.3333333333333333,16.333333333333332,0.3333333333333333,0.0,0.9088867263217156,0.02177867283402882,0.012924222256924226,0.0003940110323089078,0.0,0.007593376191242057,0.0005402485143165856,0.023714837860184756,0.0005402485143165856,0.0,16.0,0.0236276564749624,706.3333333333334,2021-05-07
556.6666666666666,10.0,11.0,0.3333333333333333,0.0,7.666666666666667,0.0,13.666666666666666,0.0,0.0,0.9094892464716389,0.017660329798101452,0.019070600993011985,0.0003940110323089078,0.0,0.015318425040815665,0.0,0.025370926763884194,0.0,0.0,8.333333333333334,0.012696459900238962,607.6666666666666,2021-05-08
388.6666666666667,8.666666666666666,8.333333333333334,0.3333333333333333,0.0,7.666666666666667,0.0,10.0,0.3333333333333333,0.0,0.9047161557079444,0.020076030184613517,0.015005560342605482,0.0003940110323089078,0.0,0.024214866464246292,0.0,0.024229716581290566,0.00273224043715847,0.0,5.666666666666667,0.008631419249832456,429.6666666666667,2021-05-09
436.3333333333333,6.666666666666667,4.0,0.0,0.0,4.666666666666667,0.0,9.666666666666666,1.3333333333333333,0.0,0.915622283393569,0.01721537983846994,0.00968478326167366,3.1803263726241462e-18,0.0,0.020619108758237137,0.0,0.02309082932054644,0.0037652982883981394,0.0,7.666666666666667,0.010002317139105588,470.3333333333333,2021-05-10
523.6666666666666,8.333333333333334,4.666666666666667,0.6666666666666666,0.0,3.3333333333333335,0.0,10.666666666666666,1.6666666666666667,0.0,0.9205471255024161,0.01601183218172786,0.006841891342636499,0.0010928961748633912,0.0,0.014005554802872239,0.0,0.0188264914419907,0.004311746375829833,0.0,13.666666666666666,0.018362462177663377,566.6666666666666,2021-05-11
740.6666666666666,11.666666666666666,7.0,1.0,0.0,2.6666666666666665,0.0,16.333333333333332,1.6666666666666667,0.0,0.9138996460995549,0.015292309789024204,0.009609783790244249,0.0014883093816644981,0.0,0.003867419467840577,0.0,0.020874861496894794,0.0019749191454724708,0.0,26.0,0.03299275082930434,807.0,2021-05-12
523.0,9.333333333333334,7.0,1.0,0.0,3.0,0.0,15.0,0.6666666666666666,0.0,0.8989315490086837,0.015285209735063794,0.012814274811042673,0.0014883093816644981,0.0,0.005814017595319679,0.0,0.028309801335770903,0.0009418612942328012,0.0,22.333333333333332,0.03641497683822201,581.3333333333334,2021-05-13
561.6666666666666,7.0,5.333333333333333,1.3333333333333333,0.0,1.6666666666666667,0.0,19.0,1.0,0.0,0.9090072580174451,0.010974680687837248,0.009677540677880297,0.0017920612514938478,0.0,0.003547326506392121,0.0,0.03268291242653013,0.0013265119032629322,0.0,19.666666666666668,0.030991708529158297,616.6666666666666,2021-05-14
489.3333333333333,7.0,5.333333333333333,1.0,0.0,1.6666666666666667,0.0,18.666666666666668,0.6666666666666666,0.0,0.9154282064872762,0.012997911715530224,0.010857758777367865,0.0013966480446927405,0.0,0.003884531677674283,0.0,0.03532234576126849,0.000931098696461825,0.0,9.0,0.019181498839728275,532.6666666666666,2021-05-15
450.0,6.0,4.333333333333333,1.3333333333333333,0.0,2.0,0.0,17.0,0.6666666666666666,0.0,0.924991078304887,0.009561485598691735,0.008426394922658483,0.0035471856791013424,0.0,0.008045193836341098,0.0,0.03562534247264564,0.000931098696461825,0.0,6.0,0.00887222048921281,487.3333333333333,2021-05-16
530.0,5.666666666666667,3.3333333333333335,0.3333333333333333,0.0,2.3333333333333335,0.0,15.666666666666666,0.3333333333333333,0.0,0.9353016415949661,0.008531857939641356,0.0068041155536379605,0.0021505376344086056,0.0,0.008285111860244226,0.0,0.031168384849952453,0.0003527336860670194,0.0,6.0,0.0074056168810822,563.6666666666666,2021-05-17
561.3333333333334,4.0,1.3333333333333333,0.6666666666666666,0.0,3.0,0.0,17.666666666666668,0.6666666666666666,0.0,0.9364468388778815,0.005145310942412391,0.0033390967939822547,0.0026336294218482193,0.0,0.009089447425118302,0.0,0.03261030348454378,0.000835825473506633,0.0,8.0,0.009899547580707005,596.6666666666666,2021-05-18
746.3333333333334,8.0,4.0,0.3333333333333333,0.3333333333333333,5.0,0.0,22.666666666666668,1.0,0.0,0.9301548361897094,0.010353644275745725,0.0050948091595736525,0.000483091787439617,0.00043402777777777775,0.006544084521892496,0.0,0.028821661011425508,0.0012698532512844106,0.0,13.333333333333334,0.01684399202515145,801.0,2021-05-19
635.6666666666666,7.0,4.0,0.3333333333333333,0.3333333333333333,5.666666666666667,0.0,21.333333333333332,0.6666666666666666,0.0,0.9285731288762268,0.009702941899945965,0.00550230784197495,0.000483091787439617,0.00043402777777777775,0.00806454925882913,0.0,0.031281963749969756,0.0009171195652173912,0.0,10.666666666666666,0.015040869242618536,685.6666666666666,2021-05-20
613.0,5.0,3.6666666666666665,0.0,0.3333333333333333,7.0,0.0,17.666666666666668,0.3333333333333333,0.0,0.9351364586903484,0.006873175767559619,0.005019216054535337,3.469446951953614e-18,0.00043402777777777775,0.01054719314659827,0.0,0.02686215378740137,0.00043402777777777775,0.0,10.0,0.014693746998001333,657.0,2021-05-21
467.6666666666667,1.3333333333333333,0.6666666666666666,0.0,0.0,4.666666666666667,0.0,17.0,0.3333333333333333,0.0,0.9299369830667658,0.002798629282298848,0.0011129660545353374,3.469446951953614e-18,0.0,0.008908516842743394,0.0,0.03928952056744672,0.0011337868480725624,0.0,7.333333333333333,0.016819597338137388,499.0,2021-05-22
310.0,0.6666666666666666,0.3333333333333333,0.0,0.0,3.3333333333333335,0.0,12.666666666666666,0.3333333333333333,0.0,0.9156931578880491,0.0016856632277635114,0.003205128205128206,3.469446951953614e-18,0.0,0.006682584733672721,0.0,0.04794711228013026,0.0011337868480725624,0.0,6.666666666666667,0.023652566817183664,334.0,2021-05-23
166.66666666666666,1.0,0.3333333333333333,0.0,0.0,1.3333333333333333,0.0,10.333333333333334,0.6666666666666666,0.0,0.9050235478806906,0.005407291121576836,0.003205128205128206,3.469446951953614e-18,0.0,0.006541077969649401,0.0,0.05359323216466074,0.003270538984824699,0.0,4.333333333333333,0.022959183673469396,184.66666666666666,2021-05-24
286.6666666666667,1.3333333333333333,1.0,0.0,0.0,1.6666666666666667,0.0,9.0,1.3333333333333333,0.0,0.9224404437170395,0.005286675499441457,0.004218299431065389,3.469446951953614e-18,0.0,0.005793261112410051,0.0,0.03965006624581093,0.0036565089756579114,0.0,5.0,0.018954745018574814,306.0,2021-05-25
455.6666666666667,3.3333333333333335,1.3333333333333333,0.0,0.3333333333333333,3.3333333333333335,1.0,15.333333333333334,1.6666666666666667,0.0,0.9279475705871066,0.008349462635735485,0.0020341002713685267,3.469446951953614e-18,0.0005104645227156713,0.008345583725988407,0.0015313935681470138,0.03318091008293348,0.004166973498373583,0.0,7.0,0.013933541107631238,489.0,2021-05-26
596.0,3.0,2.0,0.3333333333333333,0.3333333333333333,4.333333333333333,1.0,21.333333333333332,1.3333333333333333,0.0,0.9316025413473406,0.004624203976266299,0.003130591499438702,0.0005482456140350912,0.0005104645227156713,0.006813307522659572,0.0015313935681470138,0.03351829199926276,0.0020302213616214464,0.0,10.0,0.01569073858851293,639.6666666666666,2021-05-27
565.3333333333334,4.0,1.6666666666666667,0.6666666666666666,0.3333333333333333,5.666666666666667,1.0,22.666666666666668,0.3333333333333333,0.0,0.9270717607069239,0.006540148157476157,0.0027032433549309264,0.0011340686954644994,0.0005104645227156713,0.009394312253759654,0.0015313935681470138,0.03705014635189264,0.0005104645227156713,0.0,8.333333333333334,0.013553997865974055,610.0,2021-05-28
438.0,2.0,1.0,0.6666666666666666,0.0,5.0,0.0,19.0,1.0,0.0,0.9194629104236579,0.0034773610211821294,0.001682314309499584,0.0011340686954644994,0.0,0.010940350295919004,0.0,0.043414216344110156,0.004098360655737705,0.0,7.0,0.015790418254429187,473.6666666666667,2021-05-29
260.3333333333333,1.6666666666666667,0.3333333333333333,1.0,0.0,3.3333333333333335,0.0,12.333333333333334,1.0,0.0,0.8895316633871476,0.0029291154071470417,0.0005858230814294089,0.01860384109944743,0.0,0.008199122225743566,0.0,0.06629235764330409,0.004098360655737705,0.0,3.3333333333333335,0.009759716500043222,283.3333333333333,2021-05-30
203.33333333333334,0.6666666666666666,1.3333333333333333,0.6666666666666666,0.0,1.0,0.0,17.0,1.3333333333333333,0.0,0.8718581401554667,0.0016299918500407497,0.0032599837000815003,0.01801801801801802,0.0,0.004098360655737707,0.0,0.0820565846218177,0.00491335658075808,0.0,4.666666666666667,0.014165564418079554,230.0,2021-05-31
304.6666666666667,1.0,3.0,0.6666666666666666,0.0,1.3333333333333333,0.0,25.0,1.0,0.0,0.8661682724437411,0.0021911590778746445,0.006065819839250972,0.01801801801801802,0.0,0.0022446689113355804,0.0,0.08425525621939639,0.0019373303806881636,0.0,10.0,0.019119475109695163,346.6666666666667,2021-06-01
432.6666666666667,1.0,3.3333333333333335,0.3333333333333333,0.0,4.666666666666667,0.0,34.666666666666664,1.3333333333333333,0.0,0.8812152342992136,0.0021911590778746445,0.006775039697407001,0.0007092198581560307,0.0,0.009336867492895863,0.0,0.07162347550250929,0.002646550238844192,0.0,13.0,0.02550245383309942,491.0,2021-06-02
360.3333333333333,0.3333333333333333,2.3333333333333335,1.0,0.0,5.0,0.0,29.0,1.0,0.0,0.8749652956693886,0.0005611672278338944,0.005523088125839557,0.004725284115184143,0.0,0.01134489962140992,0.0,0.07685712403306183,0.0018315543138238174,0.0,11.0,0.02419158689345821,410.0,2021-06-03
279.3333333333333,1.3333333333333333,2.0,1.3333333333333333,0.0,5.0,0.0,31.666666666666668,0.6666666666666666,0.0,0.8451283195047289,0.003766478342749529,0.006483730329419614,0.005666903700871526,0.0,0.012866709052823872,0.0,0.09884727031699343,0.0016508394438434105,0.0,8.666666666666666,0.025589749308569786,330.0,2021-06-04
189.33333333333334,2.3333333333333335,2.0,2.0,0.0,3.0,0.0,23.333333333333332,1.0,0.0,0.8385004910683899,0.00971885929513048,0.00775863745539057,0.01091006479509645,0.0,0.013711018407771525,0.0,0.09131603087086036,0.004909873553941351,0.0,6.333333333333333,0.023175024553419497,229.33333333333334,2021-06-05
148.0,2.3333333333333335,1.6666666666666667,2.0,0.0,2.6666666666666665,0.0,21.0,1.0,0.0,0.7624630078019909,0.00971885929513048,0.0057506053268765135,0.02911622276029056,0.0,0.011702986279257468,0.0,0.15918751681463547,0.004909873553941351,0.0,5.333333333333333,0.01715092816787733,184.0,2021-06-06
130.66666666666666,1.3333333333333333,2.0,2.0,0.0,3.0,0.0,27.0,0.6666666666666666,0.0,0.740079365079365,0.00701058201058201,0.007275132275132275,0.029232804232804235,0.0,0.013227513227513232,0.0,0.18359788359788357,0.003968253968253968,0.0,4.333333333333333,0.015608465608465618,171.0,2021-06-07
179.33333333333334,0.6666666666666666,2.0,1.0,0.0,5.0,0.0,47.333333333333336,0.0,0.0,0.703676289168517,0.0019217589165775692,0.006154563149381801,0.02328042328042328,0.0,0.013926583874770406,0.0,0.22731035995284699,0.0,0.0,8.333333333333334,0.023730021657482808,243.66666666666666,2021-06-08
242.0,1.3333333333333333,3.0,0.3333333333333333,0.0,5.666666666666667,0.0,59.333333333333336,0.3333333333333333,0.0,0.7462416486456412,0.004372739308734432,0.009831033737617097,0.0010582010582010628,0.0,0.01637756426692727,0.0,0.18245741877637642,0.0012254901960784314,0.0,12.333333333333334,0.03843590401042398,324.3333333333333,2021-06-09
231.66666666666666,1.6666666666666667,2.3333333333333335,0.0,0.0,5.0,0.0,54.333333333333336,2.0,0.0,0.7455090479130405,0.005756540692535815,0.008203032109615468,4.625929269271485e-18,0.0,0.014749562638925642,0.0,0.1745616108805685,0.007330496301084537,0.0,13.333333333333334,0.04388970946422943,310.3333333333333,2021-06-10
194.66666666666666,1.3333333333333333,3.0,0.0,0.0,2.6666666666666665,0.0,46.666666666666664,3.0,0.0,0.7452597362300782,0.004892982834159305,0.011523574669649,4.625929269271485e-18,0.0,0.01029808447357057,0.0,0.17913232506820986,0.011514596719494579,0.0,10.0,0.03737870000483834,261.3333333333333,2021-06-11
142.66666666666666,1.0,2.3333333333333335,0.0,0.0,2.3333333333333335,0.0,38.333333333333336,4.666666666666667,0.0,0.6964025427502767,0.006458066699030554,0.011863168338441818,4.625929269271485e-18,0.0,0.011863168338441822,0.0,0.2043065513852427,0.034385492065584826,0.0,7.0,0.034721010422981494,198.33333333333334,2021-06-12
84.0,0.3333333333333333,1.3333333333333333,0.0,0.0,1.3333333333333333,0.0,28.333333333333332,3.0,0.0,0.6308653022130363,0.004016064257028113,0.008200164675438154,4.625929269271485e-18,0.0,0.008200164675438158,0.0,0.3028108248895162,0.02828048596057871,0.0,2.3333333333333335,0.0176269933289644,120.66666666666667,2021-06-13
58.333333333333336,1.0,1.0,0.0,0.0,1.0,0.0,35.0,2.6666666666666665,0.0,0.5705600178491744,0.007719767960731816,0.007719767960731816,4.625929269271485e-18,0.0,0.00771976796073182,0.0,0.3608768406961178,0.027800089245872378,0.0,2.0,0.017603748326639898,101.0,2021-06-14
78.33333333333333,1.3333333333333333,1.3333333333333333,0.0,0.0,1.6666666666666667,0.0,51.333333333333336,1.0,0.0,0.5625492513790387,0.007249802994483846,0.007249802994483846,4.625929269271485e-18,0.0,0.009022852639873919,0.0,0.40289598108747043,0.005476753349093775,0.0,1.0,0.0055555555555555644,136.0,2021-06-15
105.0,1.3333333333333333,2.0,0.0,0.0,2.6666666666666665,0.0,66.66666666666667,2.0,0.0,0.5766878281580649,0.007249802994483846,0.010995121346543771,4.625929269271485e-18,0.0,0.014640830167963808,0.0,0.3662854941960847,0.011094730877183661,0.0,2.3333333333333335,0.013046192259675413,182.0,2021-06-16
102.33333333333333,1.6666666666666667,2.0,0.3333333333333333,0.0,2.6666666666666665,0.0,70.33333333333333,3.0,0.0,0.5526137540839908,0.008809257185516985,0.010800189572664627,0.0017543859649122853,0.0,0.014445898394084665,0.0,0.37915099127210805,0.01616295699804136,0.0,3.0,0.01626256652868126,185.33333333333334,2021-06-17
84.33333333333333,2.3333333333333335,1.3333333333333333,0.3333333333333333,0.0,1.6666666666666667,0.0,66.0,4.666666666666667,0.0,0.5054115426582914,0.015761845558778836,0.007254090281884486,0.0017543859649122853,0.0,0.009126749457914453,0.0,0.4037921930367811,0.03013793884871428,0.0,4.333333333333333,0.026761254192723256,165.0,2021-06-18
70.0,2.6666666666666665,1.3333333333333333,0.3333333333333333,0.0,2.0,0.0,67.66666666666667,4.0,0.0,0.4584298286243631,0.0182128259509357,0.008410732714138287,0.0017543859649122853,0.0,0.013312693498452016,0.0,0.45363797404581385,0.026970941712781252,0.0,3.0,0.019270617488603408,151.0,2021-06-19
42.333333333333336,1.6666666666666667,0.6666666666666666,0.0,0.0,1.3333333333333333,0.0,46.666666666666664,2.3333333333333335,0.0,0.4456093158038503,0.012949668056198857,0.004901960784313725,4.625929269271485e-18,0.0,0.009803921568627456,0.0,0.4980374342347478,0.018199011888219853,0.0,1.3333333333333333,0.010498687664042003,96.33333333333333,2021-06-20
48.0,0.6666666666666666,1.0,0.0,0.0,1.3333333333333333,0.0,58.0,1.0,0.0,0.44110105580693815,0.004411764705882353,0.006862745098039216,4.625929269271485e-18,0.0,0.009803921568627456,0.0,0.5275263951734539,0.006372549019607841,0.0,0.6666666666666666,0.00392156862745099,110.66666666666667,2021-06-21
39.666666666666664,0.3333333333333333,0.3333333333333333,0.0,0.0,1.3333333333333333,0.0,61.666666666666664,1.3333333333333333,0.0,0.38910812748806967,0.00196078431372549,0.00196078431372549,4.625929269271485e-18,0.0,0.010928961748633885,0.0,0.5772692431323097,0.009386049501767918,0.0,1.3333333333333333,0.00938604950176793,106.0,2021-06-22
50.666666666666664,0.3333333333333333,0.6666666666666666,0.0,0.0,1.6666666666666667,0.0,82.0,1.6666666666666667,0.0,0.35721319315411093,0.00196078431372549,0.004670811413996493,4.625929269271485e-18,0.0,0.013638988848904889,0.0,0.6010340961654553,0.012096076602038921,0.0,1.3333333333333333,0.00938604950176793,138.33333333333334,2021-06-23
34.666666666666664,0.0,0.3333333333333333,0.0,0.0,2.3333333333333335,0.0,80.0,1.0,0.0,0.28813854575129016,0.0,0.002710027100271003,4.625929269271485e-18,0.0,0.019486942065279157,0.0,0.6701775430178806,0.00817450797458794,0.0,1.3333333333333333,0.01131243409069122,119.66666666666667,2021-06-24
38.666666666666664,0.3333333333333333,0.6666666666666666,0.0,0.0,1.3333333333333333,0.0,76.33333333333333,1.0,0.0,0.31992583083725573,0.002710027100271003,0.005420054200542006,4.625929269271485e-18,0.0,0.011268007416916281,0.0,0.6385679646270147,0.008130081300813006,0.0,1.6666666666666667,0.013978034517187286,120.0,2021-06-25
26.333333333333332,0.6666666666666666,0.3333333333333333,0.0,0.0,1.3333333333333333,0.0,73.0,0.6666666666666666,0.0,0.23306233062330625,0.007095992012551705,0.002710027100271003,4.625929269271485e-18,0.0,0.012943945228925979,0.0,0.7204036514049351,0.005420054200542003,0.0,2.0,0.018363999429467988,104.33333333333333,2021-06-26
18.666666666666668,0.6666666666666666,0.3333333333333333,0.0,0.0,0.6666666666666666,0.0,50.0,0.6666666666666666,0.0,0.21259449436599628,0.007095992012551705,0.002710027100271003,4.625929269271485e-18,0.0,0.007095992012551709,0.0,0.7525673940949935,0.005420054200542003,0.0,1.3333333333333333,0.01251604621309372,72.33333333333333,2021-06-27
13.333333333333334,0.3333333333333333,0.0,0.0,0.0,0.6666666666666666,0.0,56.0,0.0,0.0,0.17256417880860342,0.0043859649122807015,0.0,4.625929269271485e-18,0.0,0.007210823669342853,0.0,0.8114530676974924,0.0,0.0,0.3333333333333333,0.004385964912280711,70.66666666666667,2021-06-28
27.666666666666668,0.0,0.3333333333333333,0.0,0.0,1.6666666666666667,0.0,77.66666666666667,1.0,0.0,0.224655946689845,0.0,0.0017094017094017094,4.625929269271485e-18,0.0,0.00966246559466899,0.0,0.7485875706214689,0.005128205128205124,0.0,2.0,0.010256410256410267,110.33333333333333,2021-06-29
32.666666666666664,0.3333333333333333,0.3333333333333333,0.0,0.0,2.3333333333333335,0.0,110.0,1.6666666666666667,0.0,0.21135391226105002,0.002347417840375587,0.0017094017094017094,4.625929269271485e-18,0.0,0.014357301275420164,0.0,0.7337205909657568,0.009823040808956298,0.0,4.333333333333333,0.02668833513903937,151.66666666666666,2021-06-30
27.0,0.3333333333333333,0.3333333333333333,0.0,0.0,3.6666666666666665,0.0,123.0,2.0,0.0,0.1570192152027995,0.002347417840375587,0.0017094017094017094,4.625929269271485e-18,0.0,0.023026695391921235,0.0,0.7770870433327937,0.012121891383668941,0.0,4.333333333333333,0.02668833513903937,160.66666666666666,2021-07-01
14.0,0.3333333333333333,0.3333333333333333,0.0,0.0,3.3333333333333335,0.0,126.66666666666667,1.0,0.0,0.09531743502968171,0.002347417840375587,0.0021231422505307855,4.625929269271485e-18,0.0,0.022558515305906756,0.0,0.8542278784354123,0.006993686255463813,0.0,2.3333333333333335,0.016431924882629116,148.0,2021-07-02
12.333333333333334,0.0,0.3333333333333333,0.0,0.0,2.6666666666666665,0.0,111.66666666666667,0.6666666666666666,0.0,0.10656185628975241,0.0,0.0021231422505307855,4.625929269271485e-18,0.0,0.017863679625155577,0.0,0.8670372449224001,0.0064140769121611985,0.0,0.0,9.25185853854297e-18,127.66666666666667,2021-07-03
9.666666666666666,0.0,0.3333333333333333,0.0,0.0,1.0,0.0,78.66666666666667,0.3333333333333333,0.0,0.12064231605986736,0.0,0.0021231422505307855,4.625929269271485e-18,0.0,0.006369426751592361,0.0,0.866749888600561,0.004115226337448555,0.0,0.0,9.25185853854297e-18,90.0,2021-07-04
13.666666666666666,0.3333333333333333,0.0,0.3333333333333333,0.0,1.0,0.0,70.33333333333333,0.3333333333333333,0.0,0.1503370228466014,0.0022988505747126436,0.0,0.0022988505747126484,0.0,0.006896551724137935,0.0,0.8340534979423868,0.004115226337448555,0.0,0.0,9.25185853854297e-18,86.0,2021-07-05
13.666666666666666,0.3333333333333333,0.0,0.3333333333333333,0.0,2.6666666666666665,0.0,88.66666666666667,0.0,0.0,0.12735551238465273,0.0022988505747126436,0.0,0.0022988505747126484,0.0,0.01863364092601587,0.0,0.844718309859155,0.0,0.0,0.6666666666666666,0.004694835680751183,106.33333333333333,2021-07-06
22.666666666666668,0.3333333333333333,0.0,0.3333333333333333,0.0,3.3333333333333335,0.0,142.0,0.0,0.0,0.13202666335625216,0.0022988505747126436,0.0,0.0022988505747126484,0.0,0.02162317754783949,0.0,0.8340680856439082,0.0,0.0,1.3333333333333333,0.0076843723025748,170.0,2021-07-07
17.0,0.0,0.0,0.0,0.0,3.3333333333333335,0.0,152.66666666666666,0.3333333333333333,0.0,0.09134700318633711,0.0,0.0,4.625929269271485e-18,0.0,0.02093780594792516,0.0,0.8738196384389393,0.002070393374741196,0.0,2.0,0.011825159052057202,175.33333333333334,2021-07-08
16.333333333333332,0.0,0.0,0.0,0.0,2.0,0.0,145.0,0.3333333333333333,0.0,0.09386360429448752,0.0,0.0,4.625929269271485e-18,0.0,0.012203719749050226,0.0,0.884731959210415,0.002070393374741196,0.0,1.3333333333333333,0.007130323371306028,165.0,2021-07-09
8.0,0.0,0.0,0.0,0.0,2.3333333333333335,0.0,104.66666666666667,0.3333333333333333,0.0,0.07384157612990565,0.0,0.0,4.625929269271485e-18,0.0,0.022372077864068713,0.0,0.897575165881802,0.002070393374741196,0.0,0.6666666666666666,0.004140786749482411,116.0,2021-07-10
6.333333333333333,0.0,0.0,0.0,0.0,1.3333333333333333,0.0,63.666666666666664,0.0,0.0,0.0840401805314086,0.0,0.0,4.625929269271485e-18,0.0,0.016160897739845113,0.0,0.8997989217287463,0.0,0.0,0.0,9.25185853854297e-18,71.33333333333333,2021-07-11
9.0,0.0,0.0,0.0,0.0,1.6666666666666667,0.0,88.66666666666667,0.0,0.0,0.08348577997700805,0.0,0.0,4.625929269271485e-18,0.0,0.01657669815564553,0.0,0.8999375218673465,0.0,0.0,0.0,9.25185853854297e-18,99.33333333333333,2021-07-12
10.666666666666666,0.0,0.0,0.0,0.0,2.6666666666666665,0.0,122.66666666666667,0.0,0.0,0.07677783364057873,0.0,0.0,4.625929269271485e-18,0.0,0.014113990584578824,0.0,0.9073256445805465,0.0,0.0,0.3333333333333333,0.0017825311942959094,136.33333333333334,2021-07-13
11.666666666666666,0.0,0.0,0.0,0.0,3.3333333333333335,0.0,171.0,0.0,0.0,0.0615026714727612,0.0,0.0,4.625929269271485e-18,0.0,0.017880468927328353,0.0,0.9188343284056145,0.0,0.0,0.3333333333333333,0.0017825311942959094,186.33333333333334,2021-07-14
11.0,0.0,0.0,0.0,0.0,3.0,0.0,186.33333333333334,0.0,0.0,0.052833562803652534,0.0,0.0,4.625929269271485e-18,0.0,0.01586222573261457,0.0,0.929521680269437,0.0,0.0,0.3333333333333333,0.0017825311942959094,200.66666666666666,2021-07-15
9.333333333333334,0.0,0.0,0.0,0.0,1.3333333333333333,0.0,181.0,0.0,0.0,0.04564807991484484,0.0,0.0,4.625929269271485e-18,0.0,0.007237431941580371,0.0,0.9450440947688336,0.0,0.0,0.3333333333333333,0.00207039337474121,192.0,2021-07-16
8.333333333333334,0.0,0.0,0.0,0.0,1.3333333333333333,0.0,161.33333333333334,0.3333333333333333,0.0,0.04197901049475262,0.0,0.0,4.625929269271485e-18,0.0,0.00921808003561245,0.0,0.943858952876503,0.0028735632183908,0.0,0.3333333333333333,0.00207039337474121,171.66666666666666,2021-07-17
3.0,0.0,0.0,0.0,0.0,1.0,0.0,106.66666666666667,0.3333333333333333,0.0,0.024017439901603082,0.0,0.0,4.625929269271485e-18,0.0,0.007817519811522814,0.0,0.963221083693742,0.0028735632183908,0.0,0.3333333333333333,0.00207039337474121,111.33333333333333,2021-07-18
2.6666666666666665,0.0,0.0,0.0,0.0,0.6666666666666666,0.0,132.33333333333334,0.3333333333333333,0.0,0.01868727823471616,0.0,0.0,4.625929269271485e-18,0.0,0.0057471264367816135,0.0,0.9726920321101113,0.0028735632183908,0.0,0.0,9.25185853854297e-18,136.0,2021-07-19
4.333333333333333,0.0,0.0,0.0,0.0,0.0,0.0,185.66666666666666,0.3333333333333333,0.0,0.021303353709523562,0.0,0.0,4.625929269271485e-18,0.0,4.625929269271485e-18,0.0,0.9775019031602494,0.0011947431302269966,0.0,0.0,9.25185853854297e-18,190.33333333333334,2021-07-20
7.0,0.0,0.0,0.0,0.0,0.0,0.0,301.3333333333333,0.6666666666666666,0.0,0.022719323011309096,0.0,0.0,4.625929269271485e-18,0.0,4.625929269271485e-18,0.0,0.9752788313564461,0.002001845632244753,0.0,0.0,9.25185853854297e-18,309.0,2021-07-21
7.666666666666667,0.0,0.0,0.0,0.0,0.3333333333333333,0.0,336.0,0.6666666666666666,0.0,0.022449736515518792,0.0,0.0,4.625929269271485e-18,0.0,0.0009746588693957161,0.0,0.9745737589828408,0.002001845632244753,0.0,0.0,9.25185853854297e-18,344.6666666666667,2021-07-22
8.666666666666666,0.0,0.0,0.0,0.0,0.3333333333333333,0.0,356.3333333333333,0.6666666666666666,0.0,0.02380470758740889,0.0,0.0,4.625929269271485e-18,0.0,0.0009746588693957161,0.0,0.9734417137428296,0.0017789198003656623,0.0,0.0,9.25185853854297e-18,366.0,2021-07-23
7.333333333333333,0.0,0.0,0.0,0.0,0.3333333333333333,0.0,312.6666666666667,0.3333333333333333,0.0,0.022557632241330918,0.0,0.0,4.625929269271485e-18,0.0,0.0009746588693957161,0.0,0.9754958915909255,0.000971817298347906,0.0,0.0,9.25185853854297e-18,320.6666666666667,2021-07-24
5.0,0.0,0.0,0.0,0.0,0.0,0.0,218.0,0.3333333333333333,0.0,0.015735020155560938,0.0,0.0,4.625929269271485e-18,0.0,4.625929269271485e-18,0.0,0.9767572148336727,0.000971817298347906,0.0,0.3333333333333333,0.0065359477124183095,223.66666666666666,2021-07-25
4.333333333333333,0.0,0.0,0.0,0.0,0.0,0.0,205.33333333333334,0.0,0.0,0.014846869247137018,0.0,0.0,4.625929269271485e-18,0.0,4.625929269271485e-18,0.0,0.9786171830404448,0.0,0.0,0.3333333333333333,0.0065359477124183095,210.0,2021-07-26
5.333333333333333,0.0,0.0,0.0,0.0,0.0,0.0,206.33333333333334,0.0,0.0,0.018219693436557535,0.0,0.0,4.625929269271485e-18,0.0,4.625929269271485e-18,0.0,0.9740706499308364,0.0,0.0,0.6666666666666666,0.0077096566326061025,212.33333333333334,2021-07-27
7.0,0.0,0.0,0.0,0.0,0.0,0.0,288.6666666666667,0.0,0.0,0.023720243491563032,0.0,0.0,4.625929269271485e-18,0.0,4.625929269271485e-18,0.0,0.9740059375772482,0.0,0.0,0.6666666666666666,0.002273818931188903,296.3333333333333,2021-07-28
4.666666666666667,0.0,0.0,0.0,0.0,0.3333333333333333,0.0,280.3333333333333,0.3333333333333333,0.0,0.01611571161258628,0.0,0.0,4.625929269271485e-18,0.0,0.001225490196078436,0.0,0.979159489064068,0.0012254901960784268,0.0,0.6666666666666666,0.002273818931188903,286.3333333333333,2021-07-29
4.333333333333333,0.0,0.0,0.0,0.0,0.6666666666666666,0.0,290.3333333333333,0.3333333333333333,0.0,0.014133447658491338,0.0,0.0,4.625929269271485e-18,0.0,0.002283691254279494,0.0,0.9791408587637475,0.0012254901960784268,0.0,1.0,0.003216512127403226,296.6666666666667,2021-07-30
3.3333333333333335,0.0,0.0,0.0,0.0,0.6666666666666666,0.0,232.33333333333334,0.3333333333333333,0.0,0.01392390289449113,0.0,0.0,4.625929269271485e-18,0.0,0.002283691254279494,0.0,0.9778050108932462,0.0012254901960784268,0.0,1.0,0.004761904761904771,237.66666666666666,2021-07-31
3.0,0.0,0.0,0.0,0.0,0.3333333333333333,0.0,154.66666666666666,0.0,0.0,0.0126984126984127,0.0,0.0,4.625929269271485e-18,0.0,0.0010582010582010628,0.0,0.9814814814814815,0.0,0.0,1.0,0.004761904761904771,159.0,2021-08-01
3.0,0.0,0.0,0.0,0.0,0.0,0.0,169.0,0.0,0.0,0.011863775244056934,0.0,0.0,4.625929269271485e-18,0.0,4.625929269271485e-18,0.0,0.9854907221104403,0.0,0.0,0.3333333333333333,0.0026455026455026545,172.33333333333334,2021-08-02
3.6666666666666665,0.0,0.0,0.0,0.0,0.0,0.0,240.66666666666666,0.0,0.0,0.010460039146443285,0.0,0.0,4.625929269271485e-18,0.0,4.625929269271485e-18,0.0,0.9885681435552088,0.0,0.0,0.3333333333333333,0.0009718172983479199,244.66666666666666,2021-08-03
4.0,0.0,0.0,0.0,0.0,0.0,0.0,385.6666666666667,0.0,0.0,0.011166253835708823,0.0,0.0,4.625929269271485e-18,0.0,4.625929269271485e-18,0.0,0.9878619288659433,0.0,0.0,0.3333333333333333,0.0009718172983479199,390.0,2021-08-04
3.0,0.0,0.0,0.0,0.0,0.3333333333333333,0.0,387.0,0.0,0.0,0.008328311146896208,0.0,0.0,4.625929269271485e-18,0.0,0.0009337068160597618,0.0,0.989766164738696,0.0,0.0,0.3333333333333333,0.0009718172983479199,390.6666666666667,2021-08-05
2.6666666666666665,0.0,0.0,0.0,0.0,0.3333333333333333,0.0,371.0,0.0,0.0,0.007854011236781016,0.0,0.0,4.625929269271485e-18,0.0,0.0009337068160597618,0.0,0.9912122819471593,0.0,0.0,0.0,9.25185853854297e-18,374.0,2021-08-06
2.6666666666666665,0.0,0.0,0.0,0.0,0.3333333333333333,0.0,285.3333333333333,0.0,0.0,0.008698184144414704,0.0,0.0,4.625929269271485e-18,0.0,0.0009337068160597618,0.0,0.9903681090395255,0.0,0.0,0.0,9.25185853854297e-18,288.3333333333333,2021-08-07
1.6666666666666667,0.0,0.0,0.0,0.0,0.0,0.0,200.0,0.0,0.0,0.008399782997014162,0.0,0.0,4.625929269271485e-18,0.0,4.625929269271485e-18,0.0,0.9916002170029858,0.0,0.0,0.0,9.25185853854297e-18,201.66666666666666,2021-08-08
1.6666666666666667,0.0,0.0,0.0,0.0,0.3333333333333333,0.0,283.3333333333333,0.6666666666666666,0.0,0.006818315545239544,0.0,0.0,4.625929269271485e-18,0.0,0.0006105006105006152,0.0,0.9913501826232586,0.0012210012210012164,0.0,0.0,9.25185853854297e-18,286.0,2021-08-09
2.3333333333333335,0.0,0.0,0.0,0.0,0.6666666666666666,0.0,370.0,0.6666666666666666,0.0,0.007359978157545341,0.0,0.0,4.625929269271485e-18,0.0,0.0013078506802356221,0.0,0.9901111699412178,0.0012210012210012164,0.0,0.0,9.25185853854297e-18,373.6666666666667,2021-08-10
3.0,0.0,0.0,0.0,0.0,1.0,0.0,529.6666666666666,0.6666666666666666,0.0,0.005650667757459875,0.0,0.0,4.625929269271485e-18,0.0,0.001883555919153296,0.0,0.9912447751023857,0.0012210012210012164,0.0,0.0,9.25185853854297e-18,534.3333333333334,2021-08-11
2.3333333333333335,0.0,0.0,0.0,0.0,0.6666666666666666,0.0,475.3333333333333,0.0,0.0,0.0047010001411255916,0.0,0.0,4.625929269271485e-18,0.0,0.0012730553086526856,0.0,0.9940259445502218,0.0,0.0,0.0,9.25185853854297e-18,478.3333333333333,2021-08-12
1.6666666666666667,0.0,0.0,0.0,0.0,0.3333333333333333,0.0,446.0,0.3333333333333333,0.0,0.0034680564611301932,0.0,0.0,4.625929269271485e-18,0.0,0.0005757052389176788,0.0,0.9950971317707425,0.0008591065292096173,0.0,0.0,9.25185853854297e-18,448.3333333333333,2021-08-13
0.6666666666666666,0.0,0.0,0.0,0.0,0.0,0.0,319.0,0.3333333333333333,0.0,0.0017409407443771702,0.0,0.0,4.625929269271485e-18,0.0,4.625929269271485e-18,0.0,0.9973999527264131,0.0008591065292096173,0.0,0.0,9.25185853854297e-18,320.0,2021-08-14
0.6666666666666666,0.0,0.0,0.0,0.0,0.0,0.0,251.33333333333334,0.3333333333333333,0.0,0.0027638684339715267,0.0,0.0,4.625929269271485e-18,0.0,4.625929269271485e-18,0.0,0.9963770250368188,0.0008591065292096173,0.0,0.0,9.25185853854297e-18,252.33333333333334,2021-08-15
0.6666666666666666,0.0,0.0,0.0,0.0,0.0,0.0,380.6666666666667,0.0,0.0,0.0023348694316436256,0.0,0.0,4.625929269271485e-18,0.0,4.625929269271485e-18,0.0,0.9976651305683563,0.0,0.0,0.0,9.25185853854297e-18,381.3333333333333,2021-08-16
3.0,0.0,0.0,0.0,0.0,0.0,0.0,497.3333333333333,0.0,0.0,0.006569594174535338,0.0,0.0,4.625929269271485e-18,0.0,4.625929269271485e-18,0.0,0.9934304058254647,0.0,0.0,0.0,9.25185853854297e-18,500.3333333333333,2021-08-17
3.6666666666666665,0.0,0.0,0.0,0.0,0.0,0.0,662.3333333333334,0.3333333333333333,0.0,0.006150716370813551,0.0,0.0,4.625929269271485e-18,0.0,4.625929269271485e-18,0.0,0.9933539889288397,0.0004952947003467016,0.0,0.0,9.25185853854297e-18,666.3333333333334,2021-08-18
3.3333333333333335,0.0,0.0,0.0,0.0,0.0,0.0,594.3333333333334,0.3333333333333333,0.0,0.005720608843931832,0.0,0.0,4.625929269271485e-18,0.0,4.625929269271485e-18,0.0,0.9937840964557214,0.0004952947003467016,0.0,0.0,9.25185853854297e-18,598.0,2021-08-19
3.0,0.0,0.0,0.0,0.0,0.3333333333333333,0.0,703.0,0.3333333333333333,0.0,0.003766385811416402,0.0,0.0,4.625929269271485e-18,0.0,0.0003800836183960518,0.0,0.9953582358698408,0.0004952947003467016,0.0,0.0,9.25185853854297e-18,706.6666666666666,2021-08-20
2.3333333333333335,0.0,0.0,0.0,0.0,0.3333333333333333,0.0,569.6666666666666,0.0,0.0,0.0035150696116108514,0.0,0.0,4.625929269271485e-18,0.0,0.0003800836183960518,0.0,0.9961048467699931,0.0,0.0,0.0,9.25185853854297e-18,572.3333333333334,2021-08-21
2.3333333333333335,0.0,0.0,0.0,0.0,0.3333333333333333,0.0,442.0,0.0,0.0,0.0035150696116108514,0.0,0.0,4.625929269271485e-18,0.0,0.0003800836183960518,0.0,0.9961048467699931,0.0,0.0,0.0,9.25185853854297e-18,444.6666666666667,2021-08-22
0.6666666666666666,0.0,0.0,0.0,0.0,0.0,0.0,472.3333333333333,0.0,0.0,0.001581068247734915,0.0,0.0,4.625929269271485e-18,0.0,4.625929269271485e-18,0.0,0.9984189317522651,0.0,0.0,0.0,9.25185853854297e-18,473.0,2021-08-23
1.6666666666666667,0.0,0.0,0.0,0.0,0.0,0.0,745.6666666666666,0.0,0.0,0.0015663844575098014,0.0,0.0,4.625929269271485e-18,0.0,4.625929269271485e-18,0.0,0.9984336155424902,0.0,0.0,0.0,9.25185853854297e-18,747.3333333333334,2021-08-24
2.0,0.0,0.0,0.0,0.0,0.0,0.0,911.3333333333334,0.0,0.0,0.002053002462375981,0.0,0.0,4.625929269271485e-18,0.0,4.625929269271485e-18,0.0,0.997946997537624,0.0,0.0,0.0,9.25185853854297e-18,913.3333333333334,2021-08-25
2.0,0.0,0.0,0.0,0.0,0.0,0.0,840.0,0.0,0.0,0.0021521349144496098,0.0,0.0,4.625929269271485e-18,0.0,4.625929269271485e-18,0.0,0.9978478650855503,0.0,0.0,0.0,9.25185853854297e-18,842.0,2021-08-26
1.3333333333333333,0.0,0.0,0.0,0.0,0.0,0.0,781.0,0.0,0.0,0.001661645405920097,0.0,0.0,4.625929269271485e-18,0.0,4.625929269271485e-18,0.0,0.9983383545940798,0.0,0.0,0.0,9.25185853854297e-18,782.3333333333334,2021-08-27
1.0,0.0,0.0,0.0,0.0,0.0,0.0,647.6666666666666,0.0,0.0,0.0011750274010539172,0.0,0.0,4.625929269271485e-18,0.0,4.625929269271485e-18,0.0,0.9988249725989462,0.0,0.0,0.0,9.25185853854297e-18,648.6666666666666,2021-08-28
0.6666666666666666,0.0,0.0,0.0,0.0,0.0,0.0,428.6666666666667,0.0,0.0,0.0007293946024799422,0.0,0.0,4.625929269271485e-18,0.0,4.625929269271485e-18,0.0,0.9992706053975201,0.0,0.0,0.0,9.25185853854297e-18,429.3333333333333,2021-08-29
0.3333333333333333,0.0,0.0,0.0,0.0,0.0,0.0,388.3333333333333,0.0,0.0,0.0004208754208754215,0.0,0.0,4.625929269271485e-18,0.0,4.625929269271485e-18,0.0,0.9995791245791246,0.0,0.0,0.0,9.25185853854297e-18,388.6666666666667,2021-08-30
0.3333333333333333,0.0,0.0,0.0,0.0,0.0,0.0,509.6666666666667,0.0,0.0,0.0004208754208754215,0.0,0.0,4.625929269271485e-18,0.0,4.625929269271485e-18,0.0,0.9995791245791246,0.0,0.0,0.0,9.25185853854297e-18,510.0,2021-08-31
0.3333333333333333,0.0,0.0,0.0,0.0,0.0,0.0,796.3333333333334,0.0,0.0,0.0004208754208754215,0.0,0.0,4.625929269271485e-18,0.0,4.625929269271485e-18,0.0,0.9995791245791246,0.0,0.0,0.0,9.25185853854297e-18,796.6666666666666,2021-09-01
0.3333333333333333,0.0,0.0,0.0,0.0,0.3333333333333333,0.0,882.6666666666666,0.0,0.0,0.0003168567807351083,0.0,0.0,4.625929269271485e-18,0.0,0.0003168567807351124,0.0,0.9993662864385299,0.0,0.0,0.0,9.25185853854297e-18,883.3333333333334,2021-09-02
0.6666666666666666,0.3333333333333333,0.0,0.0,0.0,0.3333333333333333,0.0,848.3333333333334,0.0,0.0,0.0009262413023682589,0.0006093845216331506,0.0,4.625929269271485e-18,0.0,0.0003168567807351124,0.0,0.9981475173952635,0.0,0.0,0.0,9.25185853854297e-18,849.6666666666666,2021-09-03
0.6666666666666666,0.3333333333333333,0.0,0.0,0.0,0.3333333333333333,0.0,631.0,0.0,0.0,0.0009262413023682588,0.0006093845216331506,0.0,4.625929269271485e-18,0.0,0.0003168567807351124,0.0,0.9981475173952635,0.0,0.0,0.0,9.25185853854297e-18,632.3333333333334,2021-09-04
0.3333333333333333,0.3333333333333333,0.0,0.0,0.0,0.0,0.0,327.6666666666667,0.0,0.0,0.0006093845216331511,0.0006093845216331506,0.0,4.625929269271485e-18,0.0,4.625929269271485e-18,0.0,0.9987812309567335,0.0,0.0,0.0,9.25185853854297e-18,328.3333333333333,2021-09-05
0.0,0.0,0.0,0.0,0.0,0.0,0.0,458.3333333333333,0.0,0.0,5.059610138265688e-19,0.0,0.0,4.625929269271485e-18,0.0,4.625929269271485e-18,0.0,1.0,0.0,0.0,0.0,9.25185853854297e-18,458.3333333333333,2021-09-06
0.3333333333333333,0.0,0.0,0.0,0.0,0.0,0.0,629.3333333333334,0.0,0.0,0.0004105090311986869,0.0,0.0,4.625929269271485e-18,0.0,4.625929269271485e-18,0.0,0.9995894909688013,0.0,0.0,0.0,9.25185853854297e-18,629.6666666666666,2021-09-07
0.3333333333333333,0.0,0.0,0.0,0.0,0.0,0.0,843.6666666666666,0.0,0.0,0.0004105090311986869,0.0,0.0,4.625929269271485e-18,0.0,4.625929269271485e-18,0.0,0.9995894909688013,0.0,0.0,0.0,9.25185853854297e-18,844.0,2021-09-08
0.6666666666666666,0.0,0.0,0.0,0.0,0.0,0.0,805.0,0.0,0.0,0.0008160240352538369,0.0,0.0,4.625929269271485e-18,0.0,4.625929269271485e-18,0.0,0.9991839759647462,0.0,0.0,0.0,9.25185853854297e-18,805.6666666666666,2021-09-09
0.3333333333333333,0.0,0.0,0.0,0.0,0.0,0.0,806.6666666666666,0.0,0.0,0.00040551500405515054,0.0,0.0,4.625929269271485e-18,0.0,4.625929269271485e-18,0.0,0.9995944849959448,0.0,0.0,0.0,9.25185853854297e-18,807.0,2021-09-10
0.3333333333333333,0.0,0.0,0.0,0.0,0.0,0.0,651.6666666666666,0.0,0.0,0.00040551500405515054,0.0,0.0,4.625929269271485e-18,0.0,4.625929269271485e-18,0.0,0.9995944849959448,0.0,0.0,0.0,9.25185853854297e-18,652.0,2021-09-11
0.0,0.0,0.0,0.0,0.0,0.0,0.0,442.6666666666667,0.0,0.0,5.059610138265688e-19,0.0,0.0,4.625929269271485e-18,0.0,4.625929269271485e-18,0.0,1.0,0.0,0.0,0.0,9.25185853854297e-18,442.6666666666667,2021-09-12
0.0,0.0,0.0,0.0,0.0,0.0,0.0,473.6666666666667,0.6666666666666666,0.0,5.059610138265688e-19,0.0,0.0,4.625929269271485e-18,0.0,4.625929269271485e-18,0.0,0.9992682034394438,0.0007317965605561608,0.0,0.0,9.25185853854297e-18,474.3333333333333,2021-09-13
0.0,0.0,0.0,0.0,0.0,0.0,0.0,643.0,0.6666666666666666,0.0,5.059610138265688e-19,0.0,0.0,4.625929269271485e-18,0.0,4.625929269271485e-18,0.0,0.9992682034394438,0.0007317965605561608,0.0,0.0,9.25185853854297e-18,643.6666666666666,2021-09-14
0.0,0.0,0.0,0.0,0.0,0.0,0.0,804.6666666666666,1.0,0.0,5.059610138265688e-19,0.0,0.0,4.625929269271485e-18,0.0,4.625929269271485e-18,0.0,0.9987780073610124,0.0012219926389875333,0.0,0.0,9.25185853854297e-18,805.6666666666666,2021-09-15
0.0,0.0,0.0,0.0,0.0,0.0,0.0,747.0,0.3333333333333333,0.0,5.059610138265688e-19,0.0,0.0,4.625929269271485e-18,0.0,4.625929269271485e-18,0.0,0.9995098039215686,0.0004901960784313679,0.0,0.0,9.25185853854297e-18,747.3333333333334,2021-09-16
0.0,0.0,0.0,0.0,0.0,0.0,0.0,719.3333333333334,1.0,0.0,5.059610138265688e-19,0.0,0.0,4.625929269271485e-18,0.0,4.625929269271485e-18,0.0,0.9986149493354389,0.001385050664561122,0.0,0.0,9.25185853854297e-18,720.3333333333334,2021-09-17
0.0,0.0,0.0,0.0,0.0,0.0,0.0,575.6666666666666,0.6666666666666666,0.0,5.059610138265688e-19,0.0,0.0,4.625929269271485e-18,0.0,4.625929269271485e-18,0.0,0.9991051454138703,0.0008948545861297493,0.0,0.0,9.25185853854297e-18,576.3333333333334,2021-09-18
0.0,0.0,0.0,0.0,0.0,0.0,0.0,365.0,0.6666666666666666,0.0,5.059610138265688e-19,0.0,0.0,4.625929269271485e-18,0.0,4.625929269271485e-18,0.0,0.9991051454138703,0.0008948545861297493,0.0,0.0,9.25185853854297e-18,365.6666666666667,2021-09-19
0.0,0.0,0.0,0.0,0.0,0.0,0.0,528.0,0.6666666666666666,0.0,5.059610138265688e-19,0.0,0.0,4.625929269271485e-18,0.0,4.625929269271485e-18,0.0,0.9994597514856833,0.000540248514316581,0.0,0.0,9.25185853854297e-18,528.6666666666666,2021-09-20
0.0,0.0,0.0,0.0,0.0,0.0,0.0,660.3333333333334,0.6666666666666666,0.0,5.059610138265688e-19,0.0,0.0,4.625929269271485e-18,0.0,4.625929269271485e-18,0.0,0.9994597514856833,0.000540248514316581,0.0,0.0,9.25185853854297e-18,661.0,2021-09-21
0.3333333333333333,0.0,0.0,0.0,0.0,0.0,0.0,783.0,0.6666666666666666,0.0,0.0007047216349541936,0.0,0.0,4.625929269271485e-18,0.0,4.625929269271485e-18,0.0,0.9987550298507292,0.000540248514316581,0.0,0.0,9.25185853854297e-18,784.0,2021-09-22
0.3333333333333333,0.0,0.0,0.0,0.0,0.0,0.0,530.3333333333334,0.0,0.0,0.0007047216349541937,0.0,0.0,4.625929269271485e-18,0.0,4.625929269271485e-18,0.0,0.9992952783650457,0.0,0.0,0.0,9.25185853854297e-18,530.6666666666666,2021-09-23
0.3333333333333333,0.0,0.0,0.0,0.0,0.0,0.0,579.6666666666666,0.0,0.0,0.0007047216349541937,0.0,0.0,4.625929269271485e-18,0.0,4.625929269271485e-18,0.0,0.9992952783650457,0.0,0.0,0.0,9.25185853854297e-18,580.0,2021-09-24
0.0,0.0,0.0,0.0,0.0,0.0,0.0,504.0,0.0,0.0,5.782411586589357e-19,0.0,0.0,4.625929269271485e-18,0.0,4.625929269271485e-18,0.0,1.0,0.0,0.0,0.0,9.25185853854297e-18,504.0,2021-09-25
0.0,0.0,0.0,0.0,0.0,0.0,0.0,377.6666666666667,0.0,0.0,5.782411586589357e-19,0.0,0.0,4.625929269271485e-18,0.0,4.625929269271485e-18,0.0,1.0,0.0,0.0,0.0,9.25185853854297e-18,377.6666666666667,2021-09-26
0.0,0.0,0.0,0.0,0.0,0.0,0.0,392.3333333333333,0.0,0.0,5.782411586589357e-19,0.0,0.0,4.625929269271485e-18,0.0,4.625929269271485e-18,0.0,1.0,0.0,0.0,0.0,9.25185853854297e-18,392.3333333333333,2021-09-27
0.0,0.0,0.0,0.0,0.0,0.0,0.0,593.3333333333334,0.0,0.0,5.782411586589357e-19,0.0,0.0,4.625929269271485e-18,0.0,4.625929269271485e-18,0.0,1.0,0.0,0.0,0.0,9.25185853854297e-18,593.3333333333334,2021-09-28
0.0,0.0,0.0,0.0,0.0,0.0,0.0,740.0,0.0,0.0,5.782411586589357e-19,0.0,0.0,4.625929269271485e-18,0.0,4.625929269271485e-18,0.0,1.0,0.0,0.0,0.0,9.25185853854297e-18,740.0,2021-09-29
0.0,0.0,0.0,0.0,0.0,0.0,0.0,687.6666666666666,0.0,0.0,5.782411586589357e-19,0.0,0.0,4.625929269271485e-18,0.0,4.625929269271485e-18,0.0,1.0,0.0,0.0,0.0,9.25185853854297e-18,687.6666666666666,2021-09-30
0.0,0.0,0.0,0.0,0.0,0.0,0.0,599.0,0.0,0.0,5.782411586589357e-19,0.0,0.0,4.625929269271485e-18,0.0,4.625929269271485e-18,0.0,1.0,0.0,0.0,0.0,9.25185853854297e-18,599.0,2021-10-01
0.0,0.0,0.0,0.0,0.0,0.0,0.0,506.0,0.0,0.0,5.782411586589357e-19,0.0,0.0,4.625929269271485e-18,0.0,4.625929269271485e-18,0.0,1.0,0.0,0.0,0.0,9.25185853854297e-18,506.0,2021-10-02
0.0,0.0,0.0,0.0,0.0,0.0,0.0,310.6666666666667,0.0,0.0,5.782411586589357e-19,0.0,0.0,4.625929269271485e-18,0.0,4.625929269271485e-18,0.0,1.0,0.0,0.0,0.0,9.25185853854297e-18,310.6666666666667,2021-10-03
0.6666666666666666,0.0,0.0,0.0,0.0,0.3333333333333333,0.0,433.6666666666667,0.0,0.0,0.0006988120195667372,0.0,0.0,4.625929269271485e-18,0.0,0.0003494060097833729,0.0,0.9989517819706499,0.0,0.0,0.0,9.25185853854297e-18,434.6666666666667,2021-10-04
0.6666666666666666,0.0,0.0,0.0,0.0,0.3333333333333333,0.0,719.3333333333334,0.0,0.0,0.0006988120195667372,0.0,0.0,4.625929269271485e-18,0.0,0.0003494060097833729,0.0,0.9989517819706499,0.0,0.0,0.0,9.25185853854297e-18,720.3333333333334,2021-10-05
0.6666666666666666,0.0,0.0,0.0,0.0,0.3333333333333333,0.0,874.3333333333334,0.0,0.0,0.0006988120195667372,0.0,0.0,4.625929269271485e-18,0.0,0.0003494060097833729,0.0,0.9989517819706499,0.0,0.0,0.0,9.25185853854297e-18,875.3333333333334,2021-10-06
0.0,0.0,0.0,0.0,0.0,0.0,0.0,777.6666666666666,0.0,0.0,5.782411586589357e-19,0.0,0.0,4.625929269271485e-18,0.0,4.625929269271485e-18,0.0,1.0,0.0,0.0,0.0,9.25185853854297e-18,777.6666666666666,2021-10-07
0.0,0.0,0.0,0.0,0.0,0.0,0.0,611.3333333333334,0.0,0.0,5.782411586589357e-19,0.0,0.0,4.625929269271485e-18,0.0,4.625929269271485e-18,0.0,1.0,0.0,0.0,0.0,9.25185853854297e-18,611.3333333333334,2021-10-08
0.0,0.0,0.0,0.0,0.0,0.0,0.0,481.0,0.0,0.0,5.782411586589357e-19,0.0,0.0,4.625929269271485e-18,0.0,4.625929269271485e-18,0.0,1.0,0.0,0.0,0.0,9.25185853854297e-18,481.0,2021-10-09
0.0,0.0,0.0,0.0,0.0,0.0,0.0,296.6666666666667,0.0,0.0,5.782411586589357e-19,0.0,0.0,4.625929269271485e-18,0.0,4.625929269271485e-18,0.0,1.0,0.0,0.0,0.0,9.25185853854297e-18,296.6666666666667,2021-10-10
0.0,0.0,0.0,0.0,0.0,0.0,0.0,341.6666666666667,0.0,0.0,5.782411586589357e-19,0.0,0.0,4.625929269271485e-18,0.0,4.625929269271485e-18,0.0,1.0,0.0,0.0,0.0,9.25185853854297e-18,341.6666666666667,2021-10-11
0.0,0.0,0.0,0.0,0.0,0.0,0.0,491.6666666666667,0.0,0.0,5.782411586589357e-19,0.0,0.0,4.625929269271485e-18,0.0,4.625929269271485e-18,0.0,1.0,0.0,0.0,0.0,9.25185853854297e-18,491.6666666666667,2021-10-12
0.0,0.0,0.0,0.0,0.0,0.0,0.0,581.6666666666666,0.0,0.0,5.782411586589357e-19,0.0,0.0,4.625929269271485e-18,0.0,4.625929269271485e-18,0.0,1.0,0.0,0.0,0.0,9.25185853854297e-18,581.6666666666666,2021-10-13
0.0,0.0,0.0,0.0,0.0,0.0,0.0,492.6666666666667,0.0,0.0,5.782411586589357e-19,0.0,0.0,4.625929269271485e-18,0.0,4.625929269271485e-18,0.0,1.0,0.0,0.0,0.0,9.25185853854297e-18,492.6666666666667,2021-10-14
0.0,0.0,0.0,0.0,0.0,0.0,0.0,395.3333333333333,0.0,0.0,5.782411586589357e-19,0.0,0.0,4.625929269271485e-18,0.0,4.625929269271485e-18,0.0,1.0,0.0,0.0,0.0,9.25185853854297e-18,395.3333333333333,2021-10-15
0.0,0.0,0.0,0.0,0.0,0.0,0.0,306.3333333333333,0.0,0.0,5.782411586589357e-19,0.0,0.0,4.625929269271485e-18,0.0,4.625929269271485e-18,0.0,1.0,0.0,0.0,0.0,9.25185853854297e-18,306.3333333333333,2021-10-16
0.0,0.0,0.0,0.0,0.0,0.0,0.0,175.66666666666666,0.0,0.0,5.782411586589357e-19,0.0,0.0,4.625929269271485e-18,0.0,4.625929269271485e-18,0.0,1.0,0.0,0.0,0.0,9.25185853854297e-18,175.66666666666666,2021-10-17
0.0,0.0,0.0,0.0,0.0,0.0,0.0,286.0,0.0,0.0,5.782411586589357e-19,0.0,0.0,4.625929269271485e-18,0.0,4.625929269271485e-18,0.0,1.0,0.0,0.0,0.0,9.25185853854297e-18,286.0,2021-10-18
0.0,0.0,0.0,0.0,0.0,0.0,0.0,597.6666666666666,0.0,0.0,5.782411586589357e-19,0.0,0.0,4.625929269271485e-18,0.0,4.625929269271485e-18,0.0,1.0,0.0,0.0,0.0,9.25185853854297e-18,597.6666666666666,2021-10-19
0.0,0.0,0.0,0.0,0.0,0.0,0.0,752.3333333333334,0.0,0.0,5.782411586589357e-19,0.0,0.0,4.625929269271485e-18,0.0,4.625929269271485e-18,0.0,1.0,0.0,0.0,0.0,9.25185853854297e-18,752.3333333333334,2021-10-20
0.0,0.0,0.0,0.0,0.0,0.0,0.0,724.6666666666666,0.0,0.0,5.782411586589357e-19,0.0,0.0,4.625929269271485e-18,0.0,4.625929269271485e-18,0.0,1.0,0.0,0.0,0.0,9.25185853854297e-18,724.6666666666666,2021-10-21
0.0,0.0,0.0,0.0,0.0,0.0,0.0,560.0,0.0,0.0,5.782411586589357e-19,0.0,0.0,4.625929269271485e-18,0.0,4.625929269271485e-18,0.0,1.0,0.0,0.0,0.0,9.25185853854297e-18,560.0,2021-10-22
0.0,0.0,0.0,0.0,0.0,0.0,0.0,451.6666666666667,0.0,0.0,5.782411586589357e-19,0.0,0.0,4.625929269271485e-18,0.0,4.625929269271485e-18,0.0,1.0,0.0,0.0,0.0,9.25185853854297e-18,451.6666666666667,2021-10-23
0.0,0.0,0.0,0.0,0.0,0.0,0.0,285.3333333333333,0.0,0.0,5.782411586589357e-19,0.0,0.0,4.625929269271485e-18,0.0,4.625929269271485e-18,0.0,1.0,0.0,0.0,0.0,9.25185853854297e-18,285.3333333333333,2021-10-24
0.0,0.0,0.0,0.0,0.0,0.0,0.0,319.6666666666667,0.0,0.0,5.782411586589357e-19,0.0,0.0,4.625929269271485e-18,0.0,4.625929269271485e-18,0.0,1.0,0.0,0.0,0.0,9.25185853854297e-18,319.6666666666667,2021-10-25
0.0,0.0,0.0,0.0,0.0,0.0,0.0,580.3333333333334,0.0,0.0,5.782411586589357e-19,0.0,0.0,4.625929269271485e-18,0.0,4.625929269271485e-18,0.0,1.0,0.0,0.0,0.0,9.25185853854297e-18,580.3333333333334,2021-10-26
0.0,0.0,0.0,0.0,0.0,0.0,0.0,751.0,0.0,0.0,5.782411586589357e-19,0.0,0.0,4.625929269271485e-18,0.0,4.625929269271485e-18,0.0,1.0,0.0,0.0,0.0,9.25185853854297e-18,751.0,2021-10-27
0.0,0.0,0.0,0.0,0.0,0.0,0.0,778.0,0.0,0.0,5.782411586589357e-19,0.0,0.0,4.625929269271485e-18,0.0,4.625929269271485e-18,0.0,1.0,0.0,0.0,0.0,9.25185853854297e-18,778.0,2021-10-28
0.0,0.0,0.0,0.0,0.0,0.0,0.0,638.3333333333334,0.0,0.0,5.782411586589357e-19,0.0,0.0,4.625929269271485e-18,0.0,4.625929269271485e-18,0.0,1.0,0.0,0.0,0.0,9.25185853854297e-18,638.3333333333334,2021-10-29
0.0,0.0,0.0,0.0,0.0,0.0,0.0,502.3333333333333,0.0,0.0,5.782411586589357e-19,0.0,0.0,4.625929269271485e-18,0.0,4.625929269271485e-18,0.0,1.0,0.0,0.0,0.0,9.25185853854297e-18,502.3333333333333,2021-10-30
0.0,0.0,0.0,0.0,0.0,0.0,0.0,279.3333333333333,0.0,0.0,5.782411586589357e-19,0.0,0.0,4.625929269271485e-18,0.0,4.625929269271485e-18,0.0,1.0,0.0,0.0,0.0,9.25185853854297e-18,279.3333333333333,2021-10-31
0.0,0.0,0.0,0.0,0.0,0.0,0.0,244.0,0.0,0.0,5.782411586589357e-19,0.0,0.0,4.625929269271485e-18,0.0,4.625929269271485e-18,0.0,1.0,0.0,0.0,0.0,9.25185853854297e-18,244.0,2021-11-01
0.0,0.0,0.0,0.0,0.0,0.0,0.0,446.6666666666667,0.0,0.0,5.782411586589357e-19,0.0,0.0,4.625929269271485e-18,0.0,4.625929269271485e-18,0.0,1.0,0.0,0.0,0.0,9.25185853854297e-18,446.6666666666667,2021-11-02
0.0,0.0,0.0,0.0,0.0,0.0,0.0,767.6666666666666,0.0,0.0,5.782411586589357e-19,0.0,0.0,4.625929269271485e-18,0.0,4.625929269271485e-18,0.0,1.0,0.0,0.0,0.0,9.25185853854297e-18,767.6666666666666,2021-11-03
0.0,0.0,0.0,0.0,0.0,0.0,0.0,895.0,0.0,0.0,5.782411586589357e-19,0.0,0.0,4.625929269271485e-18,0.0,4.625929269271485e-18,0.0,1.0,0.0,0.0,0.0,9.25185853854297e-18,895.0,2021-11-04
0.0,0.0,0.0,0.0,0.0,0.0,0.0,858.0,0.0,0.0,5.782411586589357e-19,0.0,0.0,4.625929269271485e-18,0.0,4.625929269271485e-18,0.0,1.0,0.0,0.0,0.0,9.25185853854297e-18,858.0,2021-11-05
0.0,0.0,0.0,0.0,0.0,0.0,0.0,603.6666666666666,0.0,0.0,5.782411586589357e-19,0.0,0.0,4.625929269271485e-18,0.0,4.625929269271485e-18,0.0,1.0,0.0,0.0,0.0,9.25185853854297e-18,603.6666666666666,2021-11-06
0.0,0.0,0.0,0.0,0.0,0.0,0.0,336.6666666666667,0.0,0.0,5.782411586589357e-19,0.0,0.0,4.625929269271485e-18,0.0,4.625929269271485e-18,0.0,1.0,0.0,0.0,0.0,9.25185853854297e-18,336.6666666666667,2021-11-07
0.0,0.0,0.0,0.0,0.0,0.0,0.0,425.0,0.0,0.0,5.782411586589357e-19,0.0,0.0,4.625929269271485e-18,0.0,4.625929269271485e-18,0.0,1.0,0.0,0.0,0.0,9.25185853854297e-18,425.0,2021-11-08
0.0,0.0,0.0,0.0,0.0,0.0,0.0,589.6666666666666,0.0,0.0,5.782411586589357e-19,0.0,0.0,4.625929269271485e-18,0.0,4.625929269271485e-18,0.0,1.0,0.0,0.0,0.0,9.25185853854297e-18,589.6666666666666,2021-11-09
0.3333333333333333,0.3333333333333333,0.0,0.0,0.0,0.0,0.0,838.6666666666666,0.0,0.0,0.00040849673202614435,0.0004084967320261438,0.0,4.625929269271485e-18,0.0,4.625929269271485e-18,0.0,0.9991830065359477,0.0,0.0,0.0,9.25185853854297e-18,839.3333333333334,2021-11-10
0.3333333333333333,0.3333333333333333,0.0,0.0,0.0,0.0,0.0,835.3333333333334,0.0,0.0,0.00040849673202614435,0.0004084967320261438,0.0,4.625929269271485e-18,0.0,4.625929269271485e-18,0.0,0.9991830065359477,0.0,0.0,0.0,9.25185853854297e-18,836.0,2021-11-11
0.6666666666666666,0.3333333333333333,0.0,0.0,0.0,0.0,0.0,865.3333333333334,0.0,0.0,0.0007997330387554089,0.0004084967320261438,0.0,4.625929269271485e-18,0.0,4.625929269271485e-18,0.0,0.9987917702292184,0.0,0.0,0.0,9.25185853854297e-18,866.3333333333334,2021-11-12
0.3333333333333333,0.0,0.0,0.0,0.0,0.0,0.0,692.0,0.0,0.0,0.0003912363067292651,0.0,0.0,4.625929269271485e-18,0.0,4.625929269271485e-18,0.0,0.9996087636932707,0.0,0.0,0.0,9.25185853854297e-18,692.3333333333334,2021-11-13
0.3333333333333333,0.0,0.0,0.0,0.0,0.0,0.0,431.3333333333333,0.0,0.0,0.0003912363067292651,0.0,0.0,4.625929269271485e-18,0.0,4.625929269271485e-18,0.0,0.9996087636932707,0.0,0.0,0.0,9.25185853854297e-18,431.6666666666667,2021-11-14
0.0,0.0,0.0,0.0,0.0,0.0,0.0,592.0,0.0,0.0,5.782411586589357e-19,0.0,0.0,4.625929269271485e-18,0.0,4.625929269271485e-18,0.0,1.0,0.0,0.0,0.0,9.25185853854297e-18,592.0,2021-11-15
0.0,0.0,0.0,0.0,0.0,0.0,0.0,841.6666666666666,0.0,0.0,5.782411586589357e-19,0.0,0.0,4.625929269271485e-18,0.0,4.625929269271485e-18,0.0,1.0,0.0,0.0,0.0,9.25185853854297e-18,841.6666666666666,2021-11-16
0.0,0.0,0.0,0.0,0.0,0.0,0.0,1108.3333333333333,0.0,0.0,5.782411586589357e-19,0.0,0.0,4.625929269271485e-18,0.0,4.625929269271485e-18,0.0,1.0,0.0,0.0,0.0,9.25185853854297e-18,1108.3333333333333,2021-11-17
0.0,0.0,0.0,0.0,0.0,0.0,0.0,1082.0,0.0,0.0,5.782411586589357e-19,0.0,0.0,4.625929269271485e-18,0.0,4.625929269271485e-18,0.0,1.0,0.0,0.0,0.0,9.25185853854297e-18,1082.0,2021-11-18
0.0,0.0,0.0,0.0,0.0,0.0,0.0,1079.3333333333333,0.0,0.0,5.782411586589357e-19,0.0,0.0,4.625929269271485e-18,0.0,4.625929269271485e-18,0.0,1.0,0.0,0.0,0.0,9.25185853854297e-18,1079.3333333333333,2021-11-19
0.0,0.0,0.0,0.0,0.0,0.0,0.0,951.0,0.0,0.0,5.782411586589357e-19,0.0,0.0,4.625929269271485e-18,0.0,4.625929269271485e-18,0.0,1.0,0.0,0.0,0.0,9.25185853854297e-18,951.0,2021-11-20
0.0,0.0,0.0,0.0,0.0,0.0,0.0,609.0,0.0,0.0,5.782411586589357e-19,0.0,0.0,4.625929269271485e-18,0.0,4.625929269271485e-18,0.0,1.0,0.0,0.0,0.0,9.25185853854297e-18,609.0,2021-11-21
0.0,0.0,0.0,0.0,0.0,0.0,0.0,925.3333333333334,0.0,0.0,5.782411586589357e-19,0.0,0.0,4.625929269271485e-18,0.0,4.625929269271485e-18,0.0,1.0,0.0,0.0,0.0,9.25185853854297e-18,925.3333333333334,2021-11-22
0.0,0.0,0.0,0.0,0.0,0.0,0.0,1172.6666666666667,0.0,0.3333333333333333,5.782411586589357e-19,0.0,0.0,4.625929269271485e-18,0.0,4.625929269271485e-18,0.0,0.9997449630196379,0.0,0.0002550369803621525,0.0,9.25185853854297e-18,1173.0,2021-11-23
0.0,0.0,0.0,0.0,0.0,0.0,0.0,1447.3333333333333,0.0,1.3333333333333333,5.782411586589357e-19,0.0,0.0,4.625929269271485e-18,0.0,4.625929269271485e-18,0.0,0.9987970957210597,0.0,0.0012029042789403514,0.0,9.25185853854297e-18,1448.6666666666667,2021-11-24
0.0,0.0,0.0,0.0,0.0,0.0,0.0,1310.0,0.0,1.6666666666666667,5.782411586589357e-19,0.0,0.0,4.625929269271485e-18,0.0,4.625929269271485e-18,0.0,0.9985851864182412,0.0,0.0014148135817587451,0.0,9.25185853854297e-18,1311.6666666666667,2021-11-25
0.3333333333333333,0.3333333333333333,0.0,0.0,0.0,0.0,0.0,1503.6666666666667,0.0,2.6666666666666665,0.00017608733932030345,0.00017608733932030288,0.0,4.625929269271485e-18,0.0,4.625929269271485e-18,0.0,0.9977836993626816,0.0,0.0018641259586778044,0.0,9.25185853854297e-18,1507.0,2021-11-26
0.3333333333333333,0.3333333333333333,0.0,0.0,0.0,0.0,0.0,1314.3333333333333,0.0,2.3333333333333335,0.00017608733932030345,0.00017608733932030288,0.0,4.625929269271485e-18,0.0,4.625929269271485e-18,0.0,0.9973598245487768,0.0,0.0022880007725824586,0.0,9.25185853854297e-18,1317.3333333333333,2021-11-27
0.3333333333333333,0.3333333333333333,0.0,0.0,0.0,0.0,0.0,900.3333333333334,0.0,2.6666666666666665,0.00017608733932030345,0.00017608733932030288,0.0,4.625929269271485e-18,0.0,4.625929269271485e-18,0.0,0.9955637017230812,0.0,0.004084123598278121,0.0,9.25185853854297e-18,903.6666666666666,2021-11-28
0.0,0.0,0.0,0.0,0.0,0.0,0.0,1095.6666666666667,0.0,5.666666666666667,5.782411586589357e-19,0.0,0.0,4.625929269271485e-18,0.0,4.625929269271485e-18,0.0,0.9948771310955545,0.0,0.005122868904445556,0.0,9.25185853854297e-18,1101.3333333333333,2021-11-29
0.0,0.0,0.0,0.0,0.0,0.0,0.0,1484.6666666666667,0.0,7.0,5.782411586589357e-19,0.0,0.0,4.625929269271485e-18,0.0,4.625929269271485e-18,0.0,0.995041872604537,0.0,0.004958127395463004,0.0,9.25185853854297e-18,1491.6666666666667,2021-11-30
0.0,0.0,0.0,0.0,0.0,0.0,0.0,1690.6666666666667,0.0,7.666666666666667,5.782411586589357e-19,0.0,0.0,4.625929269271485e-18,0.0,4.625929269271485e-18,0.0,0.9956493445089615,0.0,0.004350655491038584,0.0,9.25185853854297e-18,1698.3333333333333,2021-12-01
0.0,0.0,0.0,0.0,0.0,0.0,0.0,1257.3333333333333,0.0,6.666666666666667,5.782411586589357e-19,0.0,0.0,4.625929269271485e-18,0.0,4.625929269271485e-18,0.0,0.9945747440470226,0.0,0.005425255952977372,0.0,9.25185853854297e-18,1264.0,2021-12-02
0.0,0.0,0.0,0.0,0.0,0.0,0.0,1116.6666666666667,0.0,8.333333333333334,5.782411586589357e-19,0.0,0.0,4.625929269271485e-18,0.0,4.625929269271485e-18,0.0,0.9928247554032111,0.0,0.007175244596788898,0.0,9.25185853854297e-18,1125.0,2021-12-03
0.0,0.0,0.0,0.0,0.0,0.0,0.0,1000.0,0.0,10.333333333333334,5.782411586589357e-19,0.0,0.0,4.625929269271485e-18,0.0,4.625929269271485e-18,0.0,0.9887428594869498,0.0,0.011257140513050138,0.0,9.25185853854297e-18,1010.3333333333334,2021-12-04
0.0,0.0,0.0,0.0,0.0,0.0,0.0,706.3333333333334,0.0,8.333333333333334,5.782411586589357e-19,0.0,0.0,4.625929269271485e-18,0.0,4.625929269271485e-18,0.0,0.9870560501078328,0.0,0.01294394989216721,0.0,9.25185853854297e-18,714.6666666666666,2021-12-05
0.0,0.0,0.0,0.0,0.0,0.0,0.0,1009.0,0.0,12.0,5.782411586589357e-19,0.0,0.0,4.625929269271485e-18,0.0,4.625929269271485e-18,0.0,0.9866164051108957,0.0,0.013383594889104261,0.0,9.25185853854297e-18,1021.0,2021-12-06
0.0,0.0,0.0,0.0,0.0,0.0,0.0,1197.6666666666667,0.0,14.333333333333334,5.782411586589357e-19,0.0,0.0,4.625929269271485e-18,0.0,4.625929269271485e-18,0.0,0.9873006676300217,0.0,0.012699332369978335,0.0,9.25185853854297e-18,1212.0,2021-12-07
0.0,0.0,0.0,0.0,0.0,0.0,0.0,1517.0,0.0,25.0,5.782411586589357e-19,0.0,0.0,4.625929269271485e-18,0.0,4.625929269271485e-18,0.0,0.982473912414464,0.0,0.01752608758553604,0.0,9.25185853854297e-18,1542.0,2021-12-08
0.0,0.0,0.0,0.0,0.0,0.0,0.0,1293.0,0.0,32.333333333333336,5.782411586589357e-19,0.0,0.0,4.625929269271485e-18,0.0,4.625929269271485e-18,0.0,0.9761510856470054,0.0,0.02384891435299469,0.0,9.25185853854297e-18,1325.3333333333333,2021-12-09
0.0,0.0,0.0,0.0,0.0,0.0,0.0,1312.6666666666667,0.0,43.666666666666664,5.782411586589357e-19,0.0,0.0,4.625929269271485e-18,0.0,4.625929269271485e-18,0.0,0.9676054802101456,0.0,0.03239451978985452,0.0,9.25185853854297e-18,1356.3333333333333,2021-12-10
0.0,0.0,0.0,0.0,0.0,0.0,0.0,1058.0,0.0,39.0,5.782411586589357e-19,0.0,0.0,4.625929269271485e-18,0.0,4.625929269271485e-18,0.0,0.9625010443921499,0.0,0.03749895560785005,0.0,9.25185853854297e-18,1097.0,2021-12-11
0.0,0.0,0.0,0.0,0.0,0.0,0.0,650.3333333333334,0.0,28.0,5.782411586589357e-19,0.0,0.0,4.625929269271485e-18,0.0,4.625929269271485e-18,0.0,0.957727751780669,0.0,0.04227224821933092,0.0,9.25185853854297e-18,678.3333333333334,2021-12-12
0.0,0.0,0.0,0.0,0.0,0.0,0.0,911.3333333333334,0.0,50.333333333333336,5.782411586589357e-19,0.0,0.0,4.625929269271485e-18,0.0,4.625929269271485e-18,0.0,0.9525530323202354,0.0,0.04744696767976467,0.0,9.25185853854297e-18,961.6666666666666,2021-12-13
0.0,0.0,0.0,0.0,0.0,0.0,0.0,1241.6666666666667,0.0,78.0,5.782411586589357e-19,0.0,0.0,4.625929269271485e-18,0.0,4.625929269271485e-18,0.0,0.9448648340529834,0.0,0.05513516594701665,0.0,9.25185853854297e-18,1319.6666666666667,2021-12-14
0.0,0.0,0.0,0.0,0.0,0.0,0.0,1592.0,0.0,123.0,5.782411586589357e-19,0.0,0.0,4.625929269271485e-18,0.0,4.625929269271485e-18,0.0,0.9255378054199754,0.0,0.07446219458002469,0.0,9.25185853854297e-18,1715.0,2021-12-15
0.0,0.0,0.0,0.0,0.0,0.0,0.0,1208.6666666666667,0.0,128.33333333333334,5.782411586589357e-19,0.0,0.0,4.625929269271485e-18,0.0,4.625929269271485e-18,0.0,0.8989384788206487,0.0,0.1010615211793513,0.0,9.25185853854297e-18,1337.0,2021-12-16
0.0,0.0,0.0,0.0,0.0,0.0,0.0,921.3333333333334,0.0,134.66666666666666,5.782411586589357e-19,0.0,0.0,4.625929269271485e-18,0.0,4.625929269271485e-18,0.0,0.8651309337445872,0.0,0.13486906625541278,0.0,9.25185853854297e-18,1056.0,2021-12-17
0.0,0.0,0.0,0.0,0.0,0.0,0.0,535.0,0.0,95.66666666666667,5.782411586589357e-19,0.0,0.0,4.625929269271485e-18,0.0,4.625929269271485e-18,0.0,0.8396460125243012,0.0,0.16035398747569896,0.0,9.25185853854297e-18,630.6666666666666,2021-12-18
0.0,0.0,0.0,0.0,0.0,0.0,0.0,276.0,0.0,55.333333333333336,5.782411586589357e-19,0.0,0.0,4.625929269271485e-18,0.0,4.625929269271485e-18,0.0,0.8376624083667839,0.0,0.16233759163321618,0.0,9.25185853854297e-18,331.3333333333333,2021-12-19
0.0,0.0,0.0,0.0,0.0,0.0,0.0,360.0,0.0,62.0,5.782411586589357e-19,0.0,0.0,4.625929269271485e-18,0.0,4.625929269271485e-18,0.0,0.8461161024410334,0.0,0.15388389755896661,0.0,9.25185853854297e-18,422.0,2021-12-20
0.0,0.0,0.0,0.0,0.0,0.0,0.0,506.6666666666667,0.0,92.66666666666667,5.782411586589357e-19,0.0,0.0,4.625929269271485e-18,0.0,4.625929269271485e-18,0.0,0.8473872327760291,0.0,0.1526127672239708,0.0,9.25185853854297e-18,599.3333333333334,2021-12-21
0.0,0.0,0.0,0.0,0.0,0.0,0.0,674.6666666666666,0.0,129.0,5.782411586589357e-19,0.0,0.0,4.625929269271485e-18,0.0,4.625929269271485e-18,0.0,0.8368054669213678,0.0,0.16319453307863213,0.0,9.25185853854297e-18,803.6666666666666,2021-12-22
0.0,0.0,0.0,0.0,0.0,0.0,0.0,565.0,0.0,117.33333333333333,5.782411586589357e-19,0.0,0.0,4.625929269271485e-18,0.0,4.625929269271485e-18,0.0,0.8281265914296746,0.0,0.17187340857032551,0.0,9.25185853854297e-18,682.3333333333334,2021-12-23
0.0,0.0,0.0,0.0,0.0,0.0,0.0,404.0,0.0,92.33333333333333,5.782411586589357e-19,0.0,0.0,4.625929269271485e-18,0.0,4.625929269271485e-18,0.0,0.7742380234519399,0.0,0.22576197654806007,0.0,9.25185853854297e-18,496.3333333333333,2021-12-24
0.0,0.0,0.0,0.0,0.0,0.0,0.0,236.66666666666666,0.0,69.66666666666667,5.782411586589357e-19,0.0,0.0,4.625929269271485e-18,0.0,4.625929269271485e-18,0.0,0.6985879052486302,0.0,0.3014120947513698,0.0,9.25185853854297e-18,306.3333333333333,2021-12-25
0.0,0.0,0.0,0.0,0.0,0.0,0.0,89.33333333333333,0.0,64.0,5.782411586589357e-19,0.0,0.0,4.625929269271485e-18,0.0,4.625929269271485e-18,0.0,0.5916239581715587,0.0,0.4083760418284412,0.0,9.25185853854297e-18,153.33333333333334,2021-12-26
0.0,0.0,0.0,0.0,0.0,0.0,0.0,230.0,0.0,129.0,5.782411586589357e-19,0.0,0.0,4.625929269271485e-18,0.0,4.625929269271485e-18,0.0,0.5970032168858288,0.0,0.4029967831141712,0.0,9.25185853854297e-18,359.0,2021-12-27
0.0,0.0,0.0,0.0,0.0,0.0,0.0,283.0,0.0,179.0,5.782411586589357e-19,0.0,0.0,4.625929269271485e-18,0.0,4.625929269271485e-18,0.0,0.5771833970660089,0.0,0.4228166029339911,0.0,9.25185853854297e-18,462.0,2021-12-28
0.0,0.0,0.0,0.0,0.0,0.0,0.0,325.3333333333333,0.0,198.33333333333334,5.782411586589357e-19,0.0,0.0,4.625929269271485e-18,0.0,4.625929269271485e-18,0.0,0.6062557070692414,0.0,0.3937442929307587,0.0,9.25185853854297e-18,523.6666666666666,2021-12-29
0.0,0.0,0.0,0.0,0.0,0.0,0.0,269.0,0.0,164.66666666666666,5.782411586589357e-19,0.0,0.0,4.625929269271485e-18,0.0,4.625929269271485e-18,0.0,0.6163798566918235,0.0,0.38362014330817645,0.0,9.25185853854297e-18,433.6666666666667,2021-12-30
0.0,0.0,0.0,0.0,0.0,0.0,0.0,199.33333333333334,0.0,114.33333333333333,5.782411586589357e-19,0.0,0.0,4.625929269271485e-18,0.0,4.625929269271485e-18,0.0,0.5592155495275164,0.0,0.4407844504724836,0.0,9.25185853854297e-18,313.6666666666667,2021-12-31
0.0,0.0,0.0,0.0,0.0,0.0,0.0,134.0,0.0,87.66666666666667,5.782411586589357e-19,0.0,0.0,4.625929269271485e-18,0.0,4.625929269271485e-18,0.0,0.4527139787214763,0.0,0.5472860212785235,0.0,9.25185853854297e-18,221.66666666666666,2022-01-01
0.0,0.0,0.0,0.0,0.0,0.0,0.0,29.666666666666668,0.0,66.66666666666667,5.782411586589357e-19,0.0,0.0,4.625929269271485e-18,0.0,4.625929269271485e-18,0.0,0.31147839051619125,0.0,0.6885216094838088,0.0,9.25185853854297e-18,96.33333333333333,2022-01-02
0.0,0.0,0.0,0.0,0.0,0.0,0.0,84.0,0.0,78.0,5.782411586589357e-19,0.0,0.0,4.625929269271485e-18,0.0,4.625929269271485e-18,0.0,0.4185930038585626,0.0,0.5814069961414374,0.0,9.25185853854297e-18,162.0,2022-01-03
0.0,0.0,0.0,0.0,0.0,0.0,0.0,75.66666666666667,0.0,56.333333333333336,5.782411586589357e-19,0.0,0.0,4.625929269271485e-18,0.0,4.625929269271485e-18,0.0,0.4210475939420186,0.0,0.5789524060579815,0.0,9.25185853854297e-18,132.0,2022-01-04
