date,alpha,beta,eta,lambda,epsilon,gamma,iota,delta,mu,omicron,alpha_rel,beta_rel,eta_rel,lambda_rel,epsilon_rel,gamma_rel,iota_rel,delta_rel,mu_rel,omicron_rel,other,other_rel,sum
2020-02-28,1,0,0,0,0,0,0,0,0,0,1.0,0.0,0.0,0.0,0.0,0.0,0.0,0.0,0.0,0.0,0,0.0,1
2020-05-25,2,0,0,0,0,0,0,0,0,0,1.0,0.0,0.0,0.0,0.0,0.0,0.0,0.0,0.0,0.0,0,0.0,2
2020-05-27,1,0,0,0,0,0,0,0,0,0,1.0,0.0,0.0,0.0,0.0,0.0,0.0,0.0,0.0,0.0,0,0.0,1
2020-08-21,0,0,0,0,0,0,0,1,0,0,0.0,0.0,0.0,0.0,0.0,0.0,0.0,1.0,0.0,0.0,0,0.0,1
2020-10-17,0,0,0,0,0,0,0,1,0,0,0.0,0.0,0.0,0.0,0.0,0.0,0.0,1.0,0.0,0.0,0,0.0,1
2020-12-02,1,0,0,0,0,0,0,0,0,0,1.0,0.0,0.0,0.0,0.0,0.0,0.0,0.0,0.0,0.0,0,0.0,1
2020-12-21,1,0,0,0,0,0,0,0,0,0,1.0,0.0,0.0,0.0,0.0,0.0,0.0,0.0,0.0,0.0,0,0.0,1
2020-12-23,1,0,0,0,0,0,0,0,0,0,1.0,0.0,0.0,0.0,0.0,0.0,0.0,0.0,0.0,0.0,0,0.0,1
2020-12-30,1,0,0,0,0,0,0,0,0,0,1.0,0.0,0.0,0.0,0.0,0.0,0.0,0.0,0.0,0.0,0,0.0,1
2021-01-01,0,0,0,0,0,0,0,2,0,0,0.0,0.0,0.0,0.0,0.0,0.0,0.0,1.0,0.0,0.0,0,0.0,2
2021-01-02,4,0,0,0,0,0,0,0,0,0,1.0,0.0,0.0,0.0,0.0,0.0,0.0,0.0,0.0,0.0,0,0.0,4
2021-01-03,0,0,0,0,0,0,0,1,0,2,0.0,0.0,0.0,0.0,0.0,0.0,0.0,0.3333333333333333,0.0,0.6666666666666666,0,0.0,3
2021-01-06,1,0,0,0,0,0,0,0,0,0,1.0,0.0,0.0,0.0,0.0,0.0,0.0,0.0,0.0,0.0,0,0.0,1
2021-01-08,3,0,0,0,0,0,0,0,0,0,1.0,0.0,0.0,0.0,0.0,0.0,0.0,0.0,0.0,0.0,0,0.0,3
2021-01-10,1,0,0,0,0,0,0,0,0,0,1.0,0.0,0.0,0.0,0.0,0.0,0.0,0.0,0.0,0.0,0,0.0,1
2021-01-11,2,4,0,0,0,0,0,0,0,0,0.3333333333333333,0.6666666666666666,0.0,0.0,0.0,0.0,0.0,0.0,0.0,0.0,0,0.0,6
2021-01-12,7,0,0,0,0,0,0,0,0,0,1.0,0.0,0.0,0.0,0.0,0.0,0.0,0.0,0.0,0.0,0,0.0,7
2021-01-13,10,0,1,0,0,0,0,0,0,0,0.9090909090909091,0.0,0.09090909090909091,0.0,0.0,0.0,0.0,0.0,0.0,0.0,0,0.0,11
2021-01-14,3,1,0,0,0,0,0,0,0,0,0.75,0.25,0.0,0.0,0.0,0.0,0.0,0.0,0.0,0.0,0,0.0,4
2021-01-15,13,4,0,0,0,0,0,0,0,0,0.7647058823529411,0.23529411764705882,0.0,0.0,0.0,0.0,0.0,0.0,0.0,0.0,0,0.0,17
2021-01-16,5,0,0,0,0,0,0,1,0,0,0.8333333333333334,0.0,0.0,0.0,0.0,0.0,0.0,0.16666666666666666,0.0,0.0,0,0.0,6
2021-01-17,11,0,0,0,0,0,0,0,0,0,1.0,0.0,0.0,0.0,0.0,0.0,0.0,0.0,0.0,0.0,0,0.0,11
2021-01-18,22,1,2,0,0,0,0,1,0,0,0.8461538461538461,0.038461538461538464,0.07692307692307693,0.0,0.0,0.0,0.0,0.038461538461538464,0.0,0.0,0,0.0,26
2021-01-19,22,2,0,0,0,0,0,0,0,0,0.9166666666666666,0.08333333333333333,0.0,0.0,0.0,0.0,0.0,0.0,0.0,0.0,0,0.0,24
2021-01-20,14,0,0,0,0,0,0,1,0,0,0.9333333333333333,0.0,0.0,0.0,0.0,0.0,0.0,0.06666666666666667,0.0,0.0,0,0.0,15
2021-01-21,13,2,0,0,0,0,0,0,0,0,0.8125,0.125,0.0,0.0,0.0,0.0,0.0,0.0,0.0,0.0,1,0.0625,16
2021-01-22,11,1,0,0,0,0,0,0,0,0,0.9166666666666666,0.08333333333333333,0.0,0.0,0.0,0.0,0.0,0.0,0.0,0.0,0,0.0,12
2021-01-23,5,4,0,0,0,0,0,1,0,0,0.5,0.4,0.0,0.0,0.0,0.0,0.0,0.1,0.0,0.0,0,0.0,10
2021-01-24,4,2,0,0,0,0,0,1,0,0,0.5714285714285714,0.2857142857142857,0.0,0.0,0.0,0.0,0.0,0.14285714285714285,0.0,0.0,0,0.0,7
2021-01-25,51,5,1,0,0,0,0,1,0,0,0.8793103448275862,0.08620689655172414,0.017241379310344827,0.0,0.0,0.0,0.0,0.017241379310344827,0.0,0.0,0,0.0,58
2021-01-26,33,0,1,0,0,0,0,0,0,0,0.9705882352941176,0.0,0.029411764705882353,0.0,0.0,0.0,0.0,0.0,0.0,0.0,0,0.0,34
2021-01-27,29,4,2,0,0,0,0,0,0,0,0.8285714285714286,0.11428571428571428,0.05714285714285714,0.0,0.0,0.0,0.0,0.0,0.0,0.0,0,0.0,35
2021-01-28,82,0,3,0,0,0,0,0,0,0,0.9534883720930233,0.0,0.03488372093023256,0.0,0.0,0.0,0.0,0.0,0.0,0.0,1,0.011627906976744186,86
2021-01-29,52,3,1,0,0,0,0,0,0,0,0.9285714285714286,0.05357142857142857,0.017857142857142856,0.0,0.0,0.0,0.0,0.0,0.0,0.0,0,0.0,56
2021-01-30,15,1,0,0,0,0,0,1,0,0,0.8823529411764706,0.058823529411764705,0.0,0.0,0.0,0.0,0.0,0.058823529411764705,0.0,0.0,0,0.0,17
2021-01-31,14,0,0,0,0,0,0,0,0,0,1.0,0.0,0.0,0.0,0.0,0.0,0.0,0.0,0.0,0.0,0,0.0,14
2021-02-01,83,5,3,2,0,0,0,0,0,0,0.8924731182795699,0.053763440860215055,0.03225806451612903,0.021505376344086023,0.0,0.0,0.0,0.0,0.0,0.0,0,0.0,93
2021-02-02,145,1,2,0,0,0,0,0,0,0,0.9797297297297297,0.006756756756756757,0.013513513513513514,0.0,0.0,0.0,0.0,0.0,0.0,0.0,0,0.0,148
2021-02-03,76,7,1,0,0,0,0,0,0,0,0.9047619047619048,0.08333333333333333,0.011904761904761904,0.0,0.0,0.0,0.0,0.0,0.0,0.0,0,0.0,84
2021-02-04,85,3,1,0,0,0,0,0,0,0,0.9550561797752809,0.033707865168539325,0.011235955056179775,0.0,0.0,0.0,0.0,0.0,0.0,0.0,0,0.0,89
2021-02-05,91,5,4,0,0,0,0,0,0,0,0.91,0.05,0.04,0.0,0.0,0.0,0.0,0.0,0.0,0.0,0,0.0,100
2021-02-06,40,2,1,0,0,0,0,0,0,0,0.9302325581395349,0.046511627906976744,0.023255813953488372,0.0,0.0,0.0,0.0,0.0,0.0,0.0,0,0.0,43
2021-02-07,16,0,1,0,0,0,0,1,0,0,0.8888888888888888,0.0,0.05555555555555555,0.0,0.0,0.0,0.0,0.05555555555555555,0.0,0.0,0,0.0,18
2021-02-08,88,2,3,1,0,0,0,0,0,0,0.9263157894736842,0.021052631578947368,0.031578947368421054,0.010526315789473684,0.0,0.0,0.0,0.0,0.0,0.0,1,0.010526315789473684,95
2021-02-09,101,3,1,1,0,0,0,0,0,0,0.9528301886792453,0.02830188679245283,0.009433962264150943,0.009433962264150943,0.0,0.0,0.0,0.0,0.0,0.0,0,0.0,106
2021-02-10,117,2,1,1,2,5,0,0,0,0,0.9140625,0.015625,0.0078125,0.0078125,0.015625,0.0390625,0.0,0.0,0.0,0.0,0,0.0,128
2021-02-11,137,4,2,1,1,0,0,0,0,0,0.9448275862068966,0.027586206896551724,0.013793103448275862,0.006896551724137931,0.006896551724137931,0.0,0.0,0.0,0.0,0.0,0,0.0,145
2021-02-12,159,5,4,0,0,0,0,0,0,0,0.9408284023668639,0.029585798816568046,0.023668639053254437,0.0,0.0,0.0,0.0,0.0,0.0,0.0,1,0.005917159763313609,169
2021-02-13,81,2,2,0,0,1,0,0,0,0,0.9418604651162791,0.023255813953488372,0.023255813953488372,0.0,0.0,0.011627906976744186,0.0,0.0,0.0,0.0,0,0.0,86
2021-02-14,13,0,3,0,0,0,0,0,0,0,0.7647058823529411,0.0,0.17647058823529413,0.0,0.0,0.0,0.0,0.0,0.0,0.0,1,0.058823529411764705,17
2021-02-15,168,5,3,0,0,1,0,0,0,0,0.9491525423728814,0.02824858757062147,0.01694915254237288,0.0,0.0,0.005649717514124294,0.0,0.0,0.0,0.0,0,0.0,177
2021-02-16,197,2,2,0,0,1,0,0,0,0,0.9704433497536946,0.009852216748768473,0.009852216748768473,0.0,0.0,0.0049261083743842365,0.0,0.0,0.0,0.0,1,0.0049261083743842365,203
2021-02-17,192,2,4,0,0,0,0,0,0,0,0.9696969696969697,0.010101010101010102,0.020202020202020204,0.0,0.0,0.0,0.0,0.0,0.0,0.0,0,0.0,198
2021-02-18,213,1,1,1,0,0,0,0,0,0,0.9815668202764977,0.004608294930875576,0.004608294930875576,0.004608294930875576,0.0,0.0,0.0,0.0,0.0,0.0,1,0.004608294930875576,217
2021-02-19,232,6,1,2,0,3,1,0,0,0,0.9392712550607287,0.024291497975708502,0.004048582995951417,0.008097165991902834,0.0,0.012145748987854251,0.004048582995951417,0.0,0.0,0.0,2,0.008097165991902834,247
2021-02-20,96,4,0,0,0,0,0,0,0,0,0.96,0.04,0.0,0.0,0.0,0.0,0.0,0.0,0.0,0.0,0,0.0,100
2021-02-21,34,0,7,1,0,1,0,0,0,0,0.7727272727272727,0.0,0.1590909090909091,0.022727272727272728,0.0,0.022727272727272728,0.0,0.0,0.0,0.0,1,0.022727272727272728,44
2021-02-22,416,7,2,2,0,0,0,0,0,0,0.9719626168224299,0.016355140186915886,0.004672897196261682,0.004672897196261682,0.0,0.0,0.0,0.0,0.0,0.0,1,0.002336448598130841,428
2021-02-23,272,5,0,1,0,0,0,0,0,0,0.974910394265233,0.017921146953405017,0.0,0.0035842293906810036,0.0,0.0,0.0,0.0,0.0,0.0,1,0.0035842293906810036,279
2021-02-24,376,5,5,0,0,0,0,0,0,0,0.9665809768637532,0.012853470437017995,0.012853470437017995,0.0,0.0,0.0,0.0,0.0,0.0,0.0,3,0.007712082262210797,389
2021-02-25,321,6,6,1,0,0,0,0,0,0,0.9582089552238806,0.01791044776119403,0.01791044776119403,0.0029850746268656717,0.0,0.0,0.0,0.0,0.0,0.0,1,0.0029850746268656717,335
2021-02-26,298,9,0,2,0,2,0,0,0,0,0.9551282051282052,0.028846153846153848,0.0,0.00641025641025641,0.0,0.00641025641025641,0.0,0.0,0.0,0.0,1,0.003205128205128205,312
2021-02-27,93,2,0,0,0,0,0,0,0,0,0.9789473684210527,0.021052631578947368,0.0,0.0,0.0,0.0,0.0,0.0,0.0,0.0,0,0.0,95
2021-02-28,63,1,0,4,0,0,0,0,0,0,0.9130434782608695,0.014492753623188406,0.0,0.057971014492753624,0.0,0.0,0.0,0.0,0.0,0.0,1,0.014492753623188406,69
2021-03-01,305,18,3,0,3,1,0,0,0,0,0.9159159159159159,0.05405405405405406,0.009009009009009009,0.0,0.009009009009009009,0.003003003003003003,0.0,0.0,0.0,0.0,3,0.009009009009009009,333
2021-03-02,284,16,1,1,0,4,1,0,0,0,0.9102564102564102,0.05128205128205128,0.003205128205128205,0.003205128205128205,0.0,0.01282051282051282,0.003205128205128205,0.0,0.0,0.0,5,0.016025641025641024,312
2021-03-03,333,10,7,0,0,3,0,0,0,0,0.9353932584269663,0.028089887640449437,0.019662921348314606,0.0,0.0,0.008426966292134831,0.0,0.0,0.0,0.0,3,0.008426966292134831,356
2021-03-04,348,6,3,0,0,0,0,0,0,0,0.9666666666666667,0.016666666666666666,0.008333333333333333,0.0,0.0,0.0,0.0,0.0,0.0,0.0,3,0.008333333333333333,360
2021-03-05,345,13,6,0,0,0,0,0,0,0,0.9324324324324325,0.03513513513513514,0.016216216216216217,0.0,0.0,0.0,0.0,0.0,0.0,0.0,6,0.016216216216216217,370
2021-03-06,198,3,2,0,1,0,0,0,0,0,0.9565217391304348,0.014492753623188406,0.00966183574879227,0.0,0.004830917874396135,0.0,0.0,0.0,0.0,0.0,3,0.014492753623188406,207
2021-03-07,98,3,0,1,0,0,0,0,0,0,0.9423076923076923,0.028846153846153848,0.0,0.009615384615384616,0.0,0.0,0.0,0.0,0.0,0.0,2,0.019230769230769232,104
2021-03-08,493,13,2,2,0,1,0,0,0,0,0.948076923076923,0.025,0.0038461538461538464,0.0038461538461538464,0.0,0.0019230769230769232,0.0,0.0,0.0,0.0,9,0.01730769230769231,520
2021-03-09,499,7,4,3,0,1,0,1,0,0,0.965183752417795,0.013539651837524178,0.007736943907156673,0.005802707930367505,0.0,0.0019342359767891683,0.0,0.0019342359767891683,0.0,0.0,2,0.0038684719535783366,517
2021-03-10,426,13,7,0,0,0,0,0,0,0,0.9466666666666667,0.028888888888888888,0.015555555555555555,0.0,0.0,0.0,0.0,0.0,0.0,0.0,4,0.008888888888888889,450
2021-03-11,356,9,2,2,1,1,0,0,0,0,0.9442970822281167,0.023872679045092837,0.005305039787798408,0.005305039787798408,0.002652519893899204,0.002652519893899204,0.0,0.0,0.0,0.0,6,0.015915119363395226,377
2021-03-12,378,19,4,3,0,1,0,0,0,0,0.9152542372881356,0.04600484261501211,0.009685230024213076,0.007263922518159807,0.0,0.002421307506053269,0.0,0.0,0.0,0.0,8,0.01937046004842615,413
2021-03-13,186,4,0,0,0,0,0,0,0,0,0.9789473684210527,0.021052631578947368,0.0,0.0,0.0,0.0,0.0,0.0,0.0,0.0,0,0.0,190
2021-03-14,93,3,0,0,0,0,0,0,0,0,0.96875,0.03125,0.0,0.0,0.0,0.0,0.0,0.0,0.0,0.0,0,0.0,96
2021-03-15,589,10,11,1,0,1,0,0,0,0,0.9530744336569579,0.016181229773462782,0.01779935275080906,0.0016181229773462784,0.0,0.0016181229773462784,0.0,0.0,0.0,0.0,6,0.009708737864077669,618
2021-03-16,458,7,7,1,0,3,0,0,0,0,0.950207468879668,0.014522821576763486,0.014522821576763486,0.002074688796680498,0.0,0.006224066390041493,0.0,0.0,0.0,0.0,6,0.012448132780082987,482
2021-03-17,510,11,5,1,0,0,0,0,0,0,0.9550561797752809,0.020599250936329586,0.009363295880149813,0.0018726591760299626,0.0,0.0,0.0,0.0,0.0,0.0,7,0.013108614232209739,534
2021-03-18,469,3,9,0,0,0,0,0,0,0,0.9630390143737166,0.006160164271047228,0.018480492813141684,0.0,0.0,0.0,0.0,0.0,0.0,0.0,6,0.012320328542094456,487
2021-03-19,518,6,4,0,0,2,0,0,0,0,0.9664179104477612,0.011194029850746268,0.007462686567164179,0.0,0.0,0.0037313432835820895,0.0,0.0,0.0,0.0,6,0.011194029850746268,536
2021-03-20,311,5,6,3,0,1,0,0,0,0,0.9395770392749244,0.015105740181268883,0.01812688821752266,0.00906344410876133,0.0,0.0030211480362537764,0.0,0.0,0.0,0.0,5,0.015105740181268883,331
2021-03-21,145,8,5,0,0,1,0,0,0,0,0.90625,0.05,0.03125,0.0,0.0,0.00625,0.0,0.0,0.0,0.0,1,0.00625,160
2021-03-22,595,12,16,0,0,0,0,1,0,0,0.9311424100156495,0.018779342723004695,0.025039123630672927,0.0,0.0,0.0,0.0,0.001564945226917058,0.0,0.0,15,0.023474178403755867,639
2021-03-23,351,14,9,0,0,0,0,0,0,0,0.9116883116883117,0.03636363636363636,0.023376623376623377,0.0,0.0,0.0,0.0,0.0,0.0,0.0,11,0.02857142857142857,385
2021-03-24,526,16,7,0,0,0,0,2,0,0,0.9392857142857143,0.02857142857142857,0.0125,0.0,0.0,0.0,0.0,0.0035714285714285713,0.0,0.0,9,0.01607142857142857,560
2021-03-25,473,5,3,1,0,0,0,0,0,0,0.9653061224489796,0.01020408163265306,0.006122448979591836,0.0020408163265306124,0.0,0.0,0.0,0.0,0.0,0.0,8,0.0163265306122449,490
2021-03-26,576,11,6,0,0,0,0,0,0,0,0.9616026711185309,0.018363939899833055,0.01001669449081803,0.0,0.0,0.0,0.0,0.0,0.0,0.0,6,0.01001669449081803,599
2021-03-27,173,0,1,0,0,0,0,0,0,0,0.9829545454545454,0.0,0.005681818181818182,0.0,0.0,0.0,0.0,0.0,0.0,0.0,2,0.011363636363636364,176
2021-03-28,179,1,1,0,0,0,0,0,0,0,0.9675675675675676,0.005405405405405406,0.005405405405405406,0.0,0.0,0.0,0.0,0.0,0.0,0.0,4,0.021621621621621623,185
2021-03-29,658,11,11,1,0,0,0,0,0,0,0.9577874818049491,0.01601164483260553,0.01601164483260553,0.001455604075691412,0.0,0.0,0.0,0.0,0.0,0.0,6,0.008733624454148471,687
2021-03-30,494,8,8,2,0,1,0,0,0,0,0.9427480916030534,0.015267175572519083,0.015267175572519083,0.003816793893129771,0.0,0.0019083969465648854,0.0,0.0,0.0,0.0,11,0.02099236641221374,524
2021-03-31,657,14,9,0,0,3,0,0,0,0,0.9494219653179191,0.02023121387283237,0.01300578034682081,0.0,0.0,0.004335260115606936,0.0,0.0,0.0,0.0,9,0.01300578034682081,692
2021-04-01,733,7,3,2,0,2,0,0,0,0,0.9747340425531915,0.009308510638297872,0.003989361702127659,0.0026595744680851063,0.0,0.0026595744680851063,0.0,0.0,0.0,0.0,5,0.006648936170212766,752
2021-04-02,393,3,5,0,0,0,0,0,0,0,0.9776119402985075,0.007462686567164179,0.012437810945273632,0.0,0.0,0.0,0.0,0.0,0.0,0.0,1,0.0024875621890547263,402
2021-04-03,169,3,3,2,0,2,0,0,0,0,0.9285714285714286,0.016483516483516484,0.016483516483516484,0.01098901098901099,0.0,0.01098901098901099,0.0,0.0,0.0,0.0,3,0.016483516483516484,182
2021-04-04,147,2,1,0,0,0,1,0,0,0,0.9735099337748344,0.013245033112582781,0.006622516556291391,0.0,0.0,0.0,0.006622516556291391,0.0,0.0,0.0,0,0.0,151
2021-04-05,236,3,3,4,0,0,0,0,0,0,0.9516129032258065,0.012096774193548387,0.012096774193548387,0.016129032258064516,0.0,0.0,0.0,0.0,0.0,0.0,2,0.008064516129032258,248
2021-04-06,670,12,9,1,0,2,0,0,0,0,0.9544159544159544,0.017094017094017096,0.01282051282051282,0.0014245014245014246,0.0,0.002849002849002849,0.0,0.0,0.0,0.0,8,0.011396011396011397,702
2021-04-07,722,25,8,2,0,5,0,1,0,0,0.9376623376623376,0.032467532467532464,0.01038961038961039,0.0025974025974025974,0.0,0.006493506493506494,0.0,0.0012987012987012987,0.0,0.0,7,0.00909090909090909,770
2021-04-08,732,16,9,1,0,2,0,0,0,0,0.954367666232073,0.020860495436766623,0.011734028683181226,0.001303780964797914,0.0,0.002607561929595828,0.0,0.0,0.0,0.0,7,0.009126466753585397,767
2021-04-09,707,12,8,0,0,1,0,1,0,0,0.9619047619047619,0.0163265306122449,0.010884353741496598,0.0,0.0,0.0013605442176870747,0.0,0.0013605442176870747,0.0,0.0,6,0.00816326530612245,735
2021-04-10,322,4,5,1,0,0,0,0,0,0,0.9554896142433235,0.011869436201780416,0.01483679525222552,0.002967359050445104,0.0,0.0,0.0,0.0,0.0,0.0,5,0.01483679525222552,337
2021-04-11,110,3,0,0,0,0,0,0,0,0,0.9734513274336283,0.02654867256637168,0.0,0.0,0.0,0.0,0.0,0.0,0.0,0.0,0,0.0,113
2021-04-12,688,14,10,0,0,3,2,0,0,0,0.9284750337381916,0.018893387314439947,0.01349527665317139,0.0,0.0,0.004048582995951417,0.002699055330634278,0.0,0.0,0.0,24,0.032388663967611336,741
2021-04-13,743,25,11,3,0,1,0,0,0,0,0.9275905118601748,0.031210986267166042,0.01373283395755306,0.003745318352059925,0.0,0.0012484394506866417,0.0,0.0,0.0,0.0,18,0.02247191011235955,801
2021-04-14,622,9,9,0,0,1,0,2,0,0,0.9381598793363499,0.013574660633484163,0.013574660633484163,0.0,0.0,0.0015082956259426848,0.0,0.0030165912518853697,0.0,0.0,20,0.030165912518853696,663
2021-04-15,797,11,14,0,0,4,0,0,0,0,0.9454329774614472,0.013048635824436536,0.0166073546856465,0.0,0.0,0.004744958481613286,0.0,0.0,0.0,0.0,17,0.020166073546856466,843
2021-04-16,816,23,10,0,0,2,0,1,0,0,0.9304446978335233,0.026225769669327253,0.011402508551881414,0.0,0.0,0.002280501710376283,0.0,0.0011402508551881414,0.0,0.0,25,0.028506271379703536,877
2021-04-17,183,7,0,0,0,0,0,1,0,0,0.9481865284974094,0.03626943005181347,0.0,0.0,0.0,0.0,0.0,0.0051813471502590676,0.0,0.0,2,0.010362694300518135,193
2021-04-18,83,0,1,0,1,0,0,1,0,0,0.9431818181818182,0.0,0.011363636363636364,0.0,0.011363636363636364,0.0,0.0,0.011363636363636364,0.0,0.0,2,0.022727272727272728,88
2021-04-19,761,6,15,1,0,3,0,4,1,0,0.938347718865598,0.007398273736128237,0.018495684340320593,0.0012330456226880395,0.0,0.0036991368680641184,0.0,0.004932182490752158,0.0012330456226880395,0.0,20,0.02466091245376079,811
2021-04-20,633,8,9,1,0,2,0,5,1,0,0.9213973799126638,0.011644832605531296,0.013100436681222707,0.001455604075691412,0.0,0.002911208151382824,0.0,0.00727802037845706,0.001455604075691412,0.0,28,0.040756914119359534,687
2021-04-21,740,14,14,0,0,3,0,6,0,0,0.9102091020910209,0.017220172201722016,0.017220172201722016,0.0,0.0,0.0036900369003690036,0.0,0.007380073800738007,0.0,0.0,36,0.04428044280442804,813
2021-04-22,823,6,3,1,0,3,0,9,0,0,0.9580908032596042,0.006984866123399301,0.0034924330616996507,0.0011641443538998836,0.0,0.0034924330616996507,0.0,0.010477299185098952,0.0,0.0,14,0.01629802095459837,859
2021-04-23,781,6,4,1,0,5,0,8,1,0,0.931980906921241,0.007159904534606206,0.00477326968973747,0.0011933174224343676,0.0,0.0059665871121718375,0.0,0.00954653937947494,0.0011933174224343676,0.0,32,0.03818615751789976,838
2021-04-24,423,4,3,0,0,0,0,2,0,0,0.9701834862385321,0.009174311926605505,0.006880733944954129,0.0,0.0,0.0,0.0,0.0045871559633027525,0.0,0.0,4,0.009174311926605505,436
2021-04-25,198,0,0,0,0,1,0,0,0,0,0.9850746268656716,0.0,0.0,0.0,0.0,0.004975124378109453,0.0,0.0,0.0,0.0,2,0.009950248756218905,201
2021-04-26,760,10,2,3,0,11,2,12,0,0,0.9348093480934809,0.012300123001230012,0.0024600246002460025,0.0036900369003690036,0.0,0.013530135301353014,0.0024600246002460025,0.014760147601476014,0.0,0.0,13,0.015990159901599015,813
2021-04-27,616,4,7,0,0,3,0,10,1,0,0.927710843373494,0.006024096385542169,0.010542168674698794,0.0,0.0,0.004518072289156626,0.0,0.015060240963855422,0.0015060240963855422,0.0,23,0.03463855421686747,664
2021-04-28,423,4,6,1,0,8,0,12,0,0,0.9195652173913044,0.008695652173913044,0.013043478260869565,0.002173913043478261,0.0,0.017391304347826087,0.0,0.02608695652173913,0.0,0.0,6,0.013043478260869565,460
2021-04-29,681,2,15,2,0,9,2,13,0,0,0.9240162822252375,0.0027137042062415195,0.0203527815468114,0.0027137042062415195,0.0,0.012211668928086838,0.0027137042062415195,0.017639077340569877,0.0,0.0,13,0.017639077340569877,737
2021-04-30,655,7,3,1,0,8,0,3,0,0,0.9479015918958031,0.010130246020260492,0.004341534008683068,0.001447178002894356,0.0,0.011577424023154847,0.0,0.004341534008683068,0.0,0.0,14,0.020260492040520984,691
2021-05-01,182,1,2,0,0,2,0,1,0,0,0.9381443298969072,0.005154639175257732,0.010309278350515464,0.0,0.0,0.010309278350515464,0.0,0.005154639175257732,0.0,0.0,6,0.030927835051546393,194
2021-05-02,174,1,0,1,0,0,0,3,0,0,0.9613259668508287,0.0055248618784530384,0.0,0.0055248618784530384,0.0,0.0,0.0,0.016574585635359115,0.0,0.0,2,0.011049723756906077,181
2021-05-03,1217,42,16,2,0,8,0,12,2,0,0.9055059523809523,0.03125,0.011904761904761904,0.001488095238095238,0.0,0.005952380952380952,0.0,0.008928571428571428,0.001488095238095238,0.0,45,0.033482142857142856,1344
2021-05-04,687,29,21,2,0,7,0,16,0,0,0.8729351969504447,0.036848792884371026,0.026683608640406607,0.0025412960609911056,0.0,0.008894536213468869,0.0,0.020330368487928845,0.0,0.0,25,0.03176620076238882,787
2021-05-05,539,23,4,0,0,3,1,20,1,0,0.873581847649919,0.03727714748784441,0.006482982171799027,0.0,0.0,0.004862236628849271,0.0016207455429497568,0.03241491085899514,0.0016207455429497568,0.0,26,0.04213938411669368,617
2021-05-06,617,6,8,0,0,4,0,13,0,0,0.9405487804878049,0.009146341463414634,0.012195121951219513,0.0,0.0,0.006097560975609756,0.0,0.019817073170731708,0.0,0.0,8,0.012195121951219513,656
2021-05-07,772,16,17,1,0,10,0,16,0,0,0.9125295508274232,0.018912529550827423,0.02009456264775414,0.001182033096926714,0.0,0.01182033096926714,0.0,0.018912529550827423,0.0,0.0,14,0.016548463356973995,846
2021-05-08,281,8,8,0,0,9,0,12,0,0,0.8753894080996885,0.024922118380062305,0.024922118380062305,0.0,0.0,0.028037383177570093,0.0,0.037383177570093455,0.0,0.0,3,0.009345794392523364,321
2021-05-09,113,2,0,0,0,4,0,2,1,0,0.9262295081967213,0.01639344262295082,0.0,0.0,0.0,0.03278688524590164,0.0,0.01639344262295082,0.00819672131147541,0.0,0,0.0,122
2021-05-10,915,10,4,0,0,1,0,15,3,0,0.9452479338842975,0.010330578512396695,0.004132231404958678,0.0,0.0,0.0010330578512396695,0.0,0.015495867768595042,0.0030991735537190084,0.0,20,0.02066115702479339,968
2021-05-11,543,13,10,2,0,5,0,15,1,0,0.8901639344262295,0.021311475409836064,0.01639344262295082,0.003278688524590164,0.0,0.00819672131147541,0.0,0.02459016393442623,0.001639344262295082,0.0,21,0.03442622950819672,610
2021-05-12,764,12,7,1,0,2,0,19,1,0,0.9062870699881376,0.014234875444839857,0.00830367734282325,0.0011862396204033216,0.0,0.002372479240806643,0.0,0.022538552787663108,0.0011862396204033216,0.0,37,0.04389086595492289,843
2021-05-13,262,3,4,0,0,2,0,11,0,0,0.9003436426116839,0.010309278350515464,0.013745704467353952,0.0,0.0,0.006872852233676976,0.0,0.037800687285223365,0.0,0.0,9,0.030927835051546393,291
2021-05-14,659,6,5,3,0,1,0,27,2,0,0.9203910614525139,0.008379888268156424,0.006983240223463687,0.004189944134078212,0.0,0.0013966480446927375,0.0,0.03770949720670391,0.002793296089385475,0.0,13,0.018156424581005588,716
2021-05-15,547,12,7,0,0,2,0,18,0,0,0.9255499153976311,0.02030456852791878,0.011844331641285956,0.0,0.0,0.00338409475465313,0.0,0.030456852791878174,0.0,0.0,5,0.008460236886632826,591
2021-05-16,144,0,1,1,0,3,0,6,0,0,0.9290322580645162,0.0,0.0064516129032258064,0.0064516129032258064,0.0,0.01935483870967742,0.0,0.03870967741935484,0.0,0.0,0,0.0,155
2021-05-17,899,5,2,0,0,2,0,23,1,0,0.9513227513227513,0.005291005291005291,0.0021164021164021165,0.0,0.0,0.0021164021164021165,0.0,0.02433862433862434,0.0010582010582010583,0.0,13,0.013756613756613757,945
2021-05-18,641,7,1,1,0,4,0,24,1,0,0.9289855072463769,0.010144927536231883,0.0014492753623188406,0.0014492753623188406,0.0,0.005797101449275362,0.0,0.034782608695652174,0.0014492753623188406,0.0,11,0.015942028985507246,690
2021-05-19,699,12,9,0,1,9,0,21,1,0,0.91015625,0.015625,0.01171875,0.0,0.0013020833333333333,0.01171875,0.0,0.02734375,0.0013020833333333333,0.0,16,0.020833333333333332,768
2021-05-20,567,2,2,0,0,4,0,19,0,0,0.9465776293823038,0.00333889816360601,0.00333889816360601,0.0,0.0,0.00667779632721202,0.0,0.03171953255425709,0.0,0.0,5,0.008347245409015025,599
2021-05-21,573,1,0,0,0,8,0,13,0,0,0.9486754966887417,0.0016556291390728477,0.0,0.0,0.0,0.013245033112582781,0.0,0.02152317880794702,0.0,0.0,9,0.014900662251655629,604
2021-05-22,263,1,0,0,0,2,0,19,1,0,0.8945578231292517,0.003401360544217687,0.0,0.0,0.0,0.006802721088435374,0.0,0.06462585034013606,0.003401360544217687,0.0,8,0.027210884353741496,294
2021-05-23,94,0,1,0,0,0,0,6,0,0,0.9038461538461539,0.0,0.009615384615384616,0.0,0.0,0.0,0.0,0.057692307692307696,0.0,0.0,3,0.028846153846153848,104
2021-05-24,143,2,0,0,0,2,0,6,1,0,0.9166666666666666,0.01282051282051282,0.0,0.0,0.0,0.01282051282051282,0.0,0.038461538461538464,0.00641025641025641,0.0,2,0.01282051282051282,156
2021-05-25,623,2,2,0,0,3,0,15,3,0,0.9468085106382979,0.00303951367781155,0.00303951367781155,0.0,0.0,0.004559270516717325,0.0,0.022796352583586626,0.004559270516717325,0.0,10,0.015197568389057751,658
2021-05-26,601,6,2,0,1,5,3,25,1,0,0.9203675344563553,0.009188361408882083,0.0030627871362940277,0.0,0.0015313935681470138,0.007656967840735069,0.004594180704441042,0.03828483920367534,0.0015313935681470138,0.0,9,0.013782542113323124,653
2021-05-27,564,1,2,1,0,5,0,24,0,0,0.9276315789473685,0.001644736842105263,0.003289473684210526,0.001644736842105263,0.0,0.008223684210526315,0.0,0.039473684210526314,0.0,0.0,11,0.018092105263157895,608
2021-05-28,531,5,1,1,0,7,0,19,0,0,0.9332161687170475,0.008787346221441126,0.0017574692442882249,0.0017574692442882249,0.0,0.012302284710017574,0.0,0.033391915641476276,0.0,0.0,5,0.008787346221441126,569
2021-05-29,219,0,0,0,0,3,0,14,3,0,0.8975409836065574,0.0,0.0,0.0,0.0,0.012295081967213115,0.0,0.05737704918032787,0.012295081967213115,0.0,5,0.020491803278688523,244
2021-05-30,31,0,0,2,0,0,0,4,0,0,0.8378378378378378,0.0,0.0,0.05405405405405406,0.0,0.0,0.0,0.10810810810810811,0.0,0.0,0,0.0,37
2021-05-31,360,2,4,0,0,0,0,33,1,0,0.8801955990220048,0.004889975550122249,0.009779951100244499,0.0,0.0,0.0,0.0,0.08068459657701711,0.0024449877750611247,0.0,9,0.022004889975550123,409
2021-06-01,523,1,5,0,0,4,0,38,2,0,0.8804713804713805,0.0016835016835016834,0.008417508417508417,0.0,0.0,0.006734006734006734,0.0,0.06397306397306397,0.003367003367003367,0.0,21,0.03535353535353535,594
2021-06-02,415,0,1,1,0,10,0,33,1,0,0.8829787234042553,0.0,0.002127659574468085,0.002127659574468085,0.0,0.02127659574468085,0.0,0.07021276595744681,0.002127659574468085,0.0,9,0.019148936170212766,470
2021-06-03,143,0,1,2,0,1,0,16,0,0,0.8614457831325302,0.0,0.006024096385542169,0.012048192771084338,0.0,0.006024096385542169,0.0,0.0963855421686747,0.0,0.0,3,0.018072289156626505,166
2021-06-04,280,4,4,1,0,4,0,46,1,0,0.7909604519774012,0.011299435028248588,0.011299435028248588,0.002824858757062147,0.0,0.011299435028248588,0.0,0.12994350282485875,0.002824858757062147,0.0,14,0.03954802259887006,354
2021-06-05,145,3,1,3,0,4,0,8,2,0,0.8630952380952381,0.017857142857142856,0.005952380952380952,0.017857142857142856,0.0,0.023809523809523808,0.0,0.047619047619047616,0.011904761904761904,0.0,2,0.011904761904761904,168
2021-06-06,19,0,0,2,0,0,0,9,0,0,0.6333333333333333,0.0,0.0,0.06666666666666667,0.0,0.0,0.0,0.3,0.0,0.0,0,0.0,30
2021-06-07,228,1,5,1,0,5,0,64,0,0,0.7238095238095238,0.0031746031746031746,0.015873015873015872,0.0031746031746031746,0.0,0.015873015873015872,0.0,0.20317460317460317,0.0,0.0,11,0.03492063492063492,315
2021-06-08,291,1,1,0,0,10,0,69,0,0,0.7538860103626943,0.0025906735751295338,0.0025906735751295338,0.0,0.0,0.025906735751295335,0.0,0.17875647668393782,0.0,0.0,14,0.03626943005181347,386
2021-06-09,207,2,3,0,0,2,0,45,1,0,0.7610294117647058,0.007352941176470588,0.011029411764705883,0.0,0.0,0.007352941176470588,0.0,0.16544117647058823,0.003676470588235294,0.0,12,0.04411764705882353,272
2021-06-10,197,2,3,0,0,3,0,49,5,0,0.7216117216117216,0.007326007326007326,0.01098901098901099,0.0,0.0,0.01098901098901099,0.0,0.1794871794871795,0.018315018315018316,0.0,14,0.05128205128205128,273
2021-06-11,180,0,3,0,0,3,0,46,3,0,0.7531380753138075,0.0,0.012552301255230125,0.0,0.0,0.012552301255230125,0.0,0.19246861924686193,0.012552301255230125,0.0,4,0.016736401673640166,239
2021-06-12,51,1,1,0,0,1,0,20,6,0,0.6144578313253012,0.012048192771084338,0.012048192771084338,0.0,0.0,0.012048192771084338,0.0,0.24096385542168675,0.07228915662650602,0.0,3,0.03614457831325301,83
2021-06-13,21,0,0,0,0,0,0,19,0,0,0.525,0.0,0.0,0.0,0.0,0.0,0.0,0.475,0.0,0.0,0,0.0,40
2021-06-14,103,2,2,0,0,2,0,66,2,0,0.5722222222222222,0.011111111111111112,0.011111111111111112,0.0,0.0,0.011111111111111112,0.0,0.36666666666666664,0.011111111111111112,0.0,3,0.016666666666666666,180
2021-06-15,111,2,2,0,0,3,0,69,1,0,0.5904255319148937,0.010638297872340425,0.010638297872340425,0.0,0.0,0.015957446808510637,0.0,0.3670212765957447,0.005319148936170213,0.0,0,0.0,188
2021-06-16,101,0,2,0,0,3,0,65,3,0,0.5674157303370787,0.0,0.011235955056179775,0.0,0.0,0.016853932584269662,0.0,0.3651685393258427,0.016853932584269662,0.0,4,0.02247191011235955,178
2021-06-17,95,3,2,1,0,2,0,77,5,0,0.5,0.015789473684210527,0.010526315789473684,0.005263157894736842,0.0,0.010526315789473684,0.0,0.4052631578947368,0.02631578947368421,0.0,5,0.02631578947368421,190
2021-06-18,57,4,0,0,0,0,0,56,6,0,0.44881889763779526,0.031496062992125984,0.0,0.0,0.0,0.0,0.0,0.4409448818897638,0.047244094488188976,0.0,4,0.031496062992125984,127
2021-06-19,58,1,2,0,0,4,0,70,1,0,0.4264705882352941,0.007352941176470588,0.014705882352941176,0.0,0.0,0.029411764705882353,0.0,0.5147058823529411,0.007352941176470588,0.0,0,0.0,136
2021-06-20,12,0,0,0,0,0,0,14,0,0,0.46153846153846156,0.0,0.0,0.0,0.0,0.0,0.0,0.5384615384615384,0.0,0.0,0,0.0,26
2021-06-21,74,1,1,0,0,0,0,90,2,0,0.43529411764705883,0.0058823529411764705,0.0058823529411764705,0.0,0.0,0.0,0.0,0.5294117647058824,0.011764705882352941,0.0,2,0.011764705882352941,170
2021-06-22,33,0,0,0,0,4,0,81,2,0,0.27049180327868855,0.0,0.0,0.0,0.0,0.03278688524590164,0.0,0.6639344262295082,0.01639344262295082,0.0,2,0.01639344262295082,122
2021-06-23,45,0,1,0,0,1,0,75,1,0,0.36585365853658536,0.0,0.008130081300813009,0.0,0.0,0.008130081300813009,0.0,0.6097560975609756,0.008130081300813009,0.0,0,0.0,123
2021-06-24,26,0,0,0,0,2,0,84,0,0,0.22807017543859648,0.0,0.0,0.0,0.0,0.017543859649122806,0.0,0.7368421052631579,0.0,0.0,2,0.017543859649122806,114
2021-06-25,45,1,1,0,0,1,0,70,2,0,0.36585365853658536,0.008130081300813009,0.008130081300813009,0.0,0.0,0.008130081300813009,0.0,0.5691056910569106,0.016260162601626018,0.0,3,0.024390243902439025,123
2021-06-26,8,1,0,0,0,1,0,65,0,0,0.10526315789473684,0.013157894736842105,0.0,0.0,0.0,0.013157894736842105,0.0,0.8552631578947368,0.0,0.0,1,0.013157894736842105,76
2021-06-27,3,0,0,0,0,0,0,15,0,0,0.16666666666666666,0.0,0.0,0.0,0.0,0.0,0.0,0.8333333333333334,0.0,0.0,0,0.0,18
2021-06-28,29,0,0,0,0,1,0,88,0,0,0.2457627118644068,0.0,0.0,0.0,0.0,0.00847457627118644,0.0,0.7457627118644068,0.0,0.0,0,0.0,118
2021-06-29,51,0,1,0,0,4,0,130,3,0,0.26153846153846155,0.0,0.005128205128205128,0.0,0.0,0.020512820512820513,0.0,0.6666666666666666,0.015384615384615385,0.0,6,0.03076923076923077,195
2021-06-30,18,1,0,0,0,2,0,112,2,0,0.1267605633802817,0.007042253521126761,0.0,0.0,0.0,0.014084507042253521,0.0,0.7887323943661971,0.014084507042253521,0.0,7,0.04929577464788732,142
2021-07-01,12,0,0,0,0,5,0,127,1,0,0.08275862068965517,0.0,0.0,0.0,0.0,0.034482758620689655,0.0,0.8758620689655172,0.006896551724137931,0.0,0,0.0,145
2021-07-02,12,0,1,0,0,3,0,141,0,0,0.07643312101910828,0.0,0.006369426751592357,0.0,0.0,0.01910828025477707,0.0,0.8980891719745223,0.0,0.0,0,0.0,157
2021-07-03,13,0,0,0,0,0,0,67,1,0,0.16049382716049382,0.0,0.0,0.0,0.0,0.0,0.0,0.8271604938271605,0.012345679012345678,0.0,0,0.0,81
2021-07-04,4,0,0,0,0,0,0,28,0,0,0.125,0.0,0.0,0.0,0.0,0.0,0.0,0.875,0.0,0.0,0,0.0,32
2021-07-05,24,1,0,1,0,3,0,116,0,0,0.16551724137931034,0.006896551724137931,0.0,0.006896551724137931,0.0,0.020689655172413793,0.0,0.8,0.0,0.0,0,0.0,145
2021-07-06,13,0,0,0,0,5,0,122,0,0,0.09154929577464789,0.0,0.0,0.0,0.0,0.035211267605633804,0.0,0.8591549295774648,0.0,0.0,2,0.014084507042253521,142
2021-07-07,31,0,0,0,0,2,0,188,0,0,0.13901345291479822,0.0,0.0,0.0,0.0,0.008968609865470852,0.0,0.8430493273542601,0.0,0.0,2,0.008968609865470852,223
2021-07-08,7,0,0,0,0,3,0,148,1,0,0.043478260869565216,0.0,0.0,0.0,0.0,0.018633540372670808,0.0,0.9192546583850931,0.006211180124223602,0.0,2,0.012422360248447204,161
2021-07-09,11,0,0,0,0,1,0,99,0,0,0.0990990990990991,0.0,0.0,0.0,0.0,0.009009009009009009,0.0,0.8918918918918919,0.0,0.0,0,0.0,111
2021-07-10,6,0,0,0,0,3,0,67,0,0,0.07894736842105263,0.0,0.0,0.0,0.0,0.039473684210526314,0.0,0.881578947368421,0.0,0.0,0,0.0,76
2021-07-11,2,0,0,0,0,0,0,25,0,0,0.07407407407407407,0.0,0.0,0.0,0.0,0.0,0.0,0.9259259259259259,0.0,0.0,0,0.0,27
2021-07-12,19,0,0,0,0,2,0,174,0,0,0.09743589743589744,0.0,0.0,0.0,0.0,0.010256410256410256,0.0,0.8923076923076924,0.0,0.0,0,0.0,195
2021-07-13,11,0,0,0,0,6,0,169,0,0,0.058823529411764705,0.0,0.0,0.0,0.0,0.03208556149732621,0.0,0.9037433155080213,0.0,0.0,1,0.0053475935828877,187
2021-07-14,5,0,0,0,0,2,0,170,0,0,0.02824858757062147,0.0,0.0,0.0,0.0,0.011299435028248588,0.0,0.96045197740113,0.0,0.0,0,0.0,177
2021-07-15,17,0,0,0,0,1,0,220,0,0,0.07142857142857142,0.0,0.0,0.0,0.0,0.004201680672268907,0.0,0.9243697478991597,0.0,0.0,0,0.0,238
2021-07-16,6,0,0,0,0,1,0,153,0,0,0.037267080745341616,0.0,0.0,0.0,0.0,0.006211180124223602,0.0,0.9503105590062112,0.0,0.0,1,0.006211180124223602,161
2021-07-17,2,0,0,0,0,2,0,111,1,0,0.017241379310344827,0.0,0.0,0.0,0.0,0.017241379310344827,0.0,0.9568965517241379,0.008620689655172414,0.0,0,0.0,116
2021-07-18,1,0,0,0,0,0,0,56,0,0,0.017543859649122806,0.0,0.0,0.0,0.0,0.0,0.0,0.9824561403508771,0.0,0.0,0,0.0,57
2021-07-19,5,0,0,0,0,0,0,230,0,0,0.02127659574468085,0.0,0.0,0.0,0.0,0.0,0.0,0.9787234042553191,0.0,0.0,0,0.0,235
2021-07-20,7,0,0,0,0,0,0,271,1,0,0.025089605734767026,0.0,0.0,0.0,0.0,0.0,0.0,0.9713261648745519,0.0035842293906810036,0.0,0,0.0,279
2021-07-21,9,0,0,0,0,0,0,403,1,0,0.021791767554479417,0.0,0.0,0.0,0.0,0.0,0.0,0.9757869249394673,0.002421307506053269,0.0,0,0.0,413
2021-07-22,7,0,0,0,0,1,0,334,0,0,0.02046783625730994,0.0,0.0,0.0,0.0,0.0029239766081871343,0.0,0.9766081871345029,0.0,0.0,0,0.0,342
2021-07-23,10,0,0,0,0,0,0,332,1,0,0.029154518950437316,0.0,0.0,0.0,0.0,0.0,0.0,0.967930029154519,0.0029154518950437317,0.0,0,0.0,343
2021-07-24,5,0,0,0,0,0,0,272,0,0,0.018050541516245487,0.0,0.0,0.0,0.0,0.0,0.0,0.9819494584837545,0.0,0.0,0,0.0,277
2021-07-25,0,0,0,0,0,0,0,50,0,0,0.0,0.0,0.0,0.0,0.0,0.0,0.0,0.9803921568627451,0.0,0.0,1,0.0196078431372549,51
2021-07-26,8,0,0,0,0,0,0,294,0,0,0.026490066225165563,0.0,0.0,0.0,0.0,0.0,0.0,0.9735099337748344,0.0,0.0,0,0.0,302
2021-07-27,8,0,0,0,0,0,0,275,0,0,0.028169014084507043,0.0,0.0,0.0,0.0,0.0,0.0,0.9683098591549296,0.0,0.0,1,0.0035211267605633804,284
2021-07-28,5,0,0,0,0,0,0,297,0,0,0.0165016501650165,0.0,0.0,0.0,0.0,0.0,0.0,0.9801980198019802,0.0,0.0,1,0.0033003300330033004,303
2021-07-29,1,0,0,0,0,1,0,269,1,0,0.003676470588235294,0.0,0.0,0.0,0.0,0.003676470588235294,0.0,0.9889705882352942,0.003676470588235294,0.0,0,0.0,272
2021-07-30,7,0,0,0,0,1,0,305,0,0,0.022222222222222223,0.0,0.0,0.0,0.0,0.0031746031746031746,0.0,0.9682539682539683,0.0,0.0,2,0.006349206349206349,315
2021-07-31,2,0,0,0,0,0,0,123,0,0,0.015873015873015872,0.0,0.0,0.0,0.0,0.0,0.0,0.9761904761904762,0.0,0.0,1,0.007936507936507936,126
2021-08-01,0,0,0,0,0,0,0,36,0,0,0.0,0.0,0.0,0.0,0.0,0.0,0.0,1.0,0.0,0.0,0,0.0,36
2021-08-02,7,0,0,0,0,0,0,348,0,0,0.01971830985915493,0.0,0.0,0.0,0.0,0.0,0.0,0.9802816901408451,0.0,0.0,0,0.0,355
2021-08-03,4,0,0,0,0,0,0,338,0,0,0.011661807580174927,0.0,0.0,0.0,0.0,0.0,0.0,0.9854227405247813,0.0,0.0,1,0.0029154518950437317,343
2021-08-04,1,0,0,0,0,0,0,471,0,0,0.00211864406779661,0.0,0.0,0.0,0.0,0.0,0.0,0.9978813559322034,0.0,0.0,0,0.0,472
2021-08-05,4,0,0,0,0,1,0,352,0,0,0.011204481792717087,0.0,0.0,0.0,0.0,0.0028011204481792717,0.0,0.9859943977591037,0.0,0.0,0,0.0,357
2021-08-06,3,0,0,0,0,0,0,290,0,0,0.010238907849829351,0.0,0.0,0.0,0.0,0.0,0.0,0.9897610921501706,0.0,0.0,0,0.0,293
2021-08-07,1,0,0,0,0,0,0,214,0,0,0.004651162790697674,0.0,0.0,0.0,0.0,0.0,0.0,0.9953488372093023,0.0,0.0,0,0.0,215
2021-08-08,1,0,0,0,0,0,0,96,0,0,0.010309278350515464,0.0,0.0,0.0,0.0,0.0,0.0,0.9896907216494846,0.0,0.0,0,0.0,97
2021-08-09,3,0,0,0,0,1,0,540,2,0,0.005494505494505495,0.0,0.0,0.0,0.0,0.0018315018315018315,0.0,0.989010989010989,0.003663003663003663,0.0,0,0.0,546
2021-08-10,3,0,0,0,0,1,0,474,0,0,0.006276150627615063,0.0,0.0,0.0,0.0,0.0020920502092050207,0.0,0.9916317991631799,0.0,0.0,0,0.0,478
2021-08-11,3,0,0,0,0,1,0,575,0,0,0.0051813471502590676,0.0,0.0,0.0,0.0,0.0017271157167530224,0.0,0.9930915371329879,0.0,0.0,0,0.0,579
2021-08-12,1,0,0,0,0,0,0,377,0,0,0.0026455026455026454,0.0,0.0,0.0,0.0,0.0,0.0,0.9973544973544973,0.0,0.0,0,0.0,378
2021-08-13,1,0,0,0,0,0,0,386,1,0,0.002577319587628866,0.0,0.0,0.0,0.0,0.0,0.0,0.9948453608247423,0.002577319587628866,0.0,0,0.0,388
2021-08-14,0,0,0,0,0,0,0,194,0,0,0.0,0.0,0.0,0.0,0.0,0.0,0.0,1.0,0.0,0.0,0,0.0,194
2021-08-15,1,0,0,0,0,0,0,174,0,0,0.005714285714285714,0.0,0.0,0.0,0.0,0.0,0.0,0.9942857142857143,0.0,0.0,0,0.0,175
2021-08-16,1,0,0,0,0,0,0,774,0,0,0.0012903225806451613,0.0,0.0,0.0,0.0,0.0,0.0,0.9987096774193548,0.0,0.0,0,0.0,775
2021-08-17,7,0,0,0,0,0,0,544,0,0,0.012704174228675136,0.0,0.0,0.0,0.0,0.0,0.0,0.9872958257713249,0.0,0.0,0,0.0,551
2021-08-18,3,0,0,0,0,0,0,669,1,0,0.004457652303120356,0.0,0.0,0.0,0.0,0.0,0.0,0.9940564635958395,0.0014858841010401188,0.0,0,0.0,673
2021-08-19,0,0,0,0,0,0,0,570,0,0,0.0,0.0,0.0,0.0,0.0,0.0,0.0,1.0,0.0,0.0,0,0.0,570
2021-08-20,6,0,0,0,0,1,0,870,0,0,0.0068415051311288486,0.0,0.0,0.0,0.0,0.0011402508551881414,0.0,0.992018244013683,0.0,0.0,0,0.0,877
2021-08-21,1,0,0,0,0,0,0,269,0,0,0.003703703703703704,0.0,0.0,0.0,0.0,0.0,0.0,0.9962962962962963,0.0,0.0,0,0.0,270
2021-08-22,0,0,0,0,0,0,0,187,0,0,0.0,0.0,0.0,0.0,0.0,0.0,0.0,1.0,0.0,0.0,0,0.0,187
2021-08-23,1,0,0,0,0,0,0,961,0,0,0.0010395010395010396,0.0,0.0,0.0,0.0,0.0,0.0,0.998960498960499,0.0,0.0,0,0.0,962
2021-08-24,4,0,0,0,0,0,0,1089,0,0,0.0036596523330283625,0.0,0.0,0.0,0.0,0.0,0.0,0.9963403476669717,0.0,0.0,0,0.0,1093
2021-08-25,1,0,0,0,0,0,0,684,0,0,0.00145985401459854,0.0,0.0,0.0,0.0,0.0,0.0,0.9985401459854014,0.0,0.0,0,0.0,685
2021-08-26,1,0,0,0,0,0,0,747,0,0,0.001336898395721925,0.0,0.0,0.0,0.0,0.0,0.0,0.9986631016042781,0.0,0.0,0,0.0,748
2021-08-27,2,0,0,0,0,0,0,912,0,0,0.002188183807439825,0.0,0.0,0.0,0.0,0.0,0.0,0.9978118161925602,0.0,0.0,0,0.0,914
2021-08-28,0,0,0,0,0,0,0,284,0,0,0.0,0.0,0.0,0.0,0.0,0.0,0.0,1.0,0.0,0.0,0,0.0,284
2021-08-29,0,0,0,0,0,0,0,90,0,0,0.0,0.0,0.0,0.0,0.0,0.0,0.0,1.0,0.0,0.0,0,0.0,90
2021-08-30,1,0,0,0,0,0,0,791,0,0,0.0012626262626262627,0.0,0.0,0.0,0.0,0.0,0.0,0.9987373737373737,0.0,0.0,0,0.0,792
2021-08-31,0,0,0,0,0,0,0,648,0,0,0.0,0.0,0.0,0.0,0.0,0.0,0.0,1.0,0.0,0.0,0,0.0,648
2021-09-01,0,0,0,0,0,0,0,950,0,0,0.0,0.0,0.0,0.0,0.0,0.0,0.0,1.0,0.0,0.0,0,0.0,950
2021-09-02,1,0,0,0,0,1,0,1050,0,0,0.0009505703422053232,0.0,0.0,0.0,0.0,0.0009505703422053232,0.0,0.9980988593155894,0.0,0.0,0,0.0,1052
2021-09-03,1,1,0,0,0,0,0,545,0,0,0.0018281535648994515,0.0018281535648994515,0.0,0.0,0.0,0.0,0.0,0.9963436928702011,0.0,0.0,0,0.0,547
2021-09-04,0,0,0,0,0,0,0,298,0,0,0.0,0.0,0.0,0.0,0.0,0.0,0.0,1.0,0.0,0.0,0,0.0,298
2021-09-05,0,0,0,0,0,0,0,140,0,0,0.0,0.0,0.0,0.0,0.0,0.0,0.0,1.0,0.0,0.0,0,0.0,140
2021-09-06,0,0,0,0,0,0,0,937,0,0,0.0,0.0,0.0,0.0,0.0,0.0,0.0,1.0,0.0,0.0,0,0.0,937
2021-09-07,1,0,0,0,0,0,0,811,0,0,0.0012315270935960591,0.0,0.0,0.0,0.0,0.0,0.0,0.9987684729064039,0.0,0.0,0,0.0,812
2021-09-08,0,0,0,0,0,0,0,783,0,0,0.0,0.0,0.0,0.0,0.0,0.0,0.0,1.0,0.0,0.0,0,0.0,783
2021-09-09,1,0,0,0,0,0,0,821,0,0,0.0012165450121654502,0.0,0.0,0.0,0.0,0.0,0.0,0.9987834549878345,0.0,0.0,0,0.0,822
2021-09-10,0,0,0,0,0,0,0,816,0,0,0.0,0.0,0.0,0.0,0.0,0.0,0.0,1.0,0.0,0.0,0,0.0,816
2021-09-11,0,0,0,0,0,0,0,318,0,0,0.0,0.0,0.0,0.0,0.0,0.0,0.0,1.0,0.0,0.0,0,0.0,318
2021-09-12,0,0,0,0,0,0,0,194,0,0,0.0,0.0,0.0,0.0,0.0,0.0,0.0,1.0,0.0,0.0,0,0.0,194
2021-09-13,0,0,0,0,0,0,0,909,2,0,0.0,0.0,0.0,0.0,0.0,0.0,0.0,0.9978046103183315,0.0021953896816684962,0.0,0,0.0,911
2021-09-14,0,0,0,0,0,0,0,826,0,0,0.0,0.0,0.0,0.0,0.0,0.0,0.0,1.0,0.0,0.0,0,0.0,826
2021-09-15,0,0,0,0,0,0,0,679,1,0,0.0,0.0,0.0,0.0,0.0,0.0,0.0,0.9985294117647059,0.0014705882352941176,0.0,0,0.0,680
2021-09-16,0,0,0,0,0,0,0,736,0,0,0.0,0.0,0.0,0.0,0.0,0.0,0.0,1.0,0.0,0.0,0,0.0,736
2021-09-17,0,0,0,0,0,0,0,743,2,0,0.0,0.0,0.0,0.0,0.0,0.0,0.0,0.9973154362416108,0.0026845637583892616,0.0,0,0.0,745
2021-09-18,0,0,0,0,0,0,0,248,0,0,0.0,0.0,0.0,0.0,0.0,0.0,0.0,1.0,0.0,0.0,0,0.0,248
2021-09-19,0,0,0,0,0,0,0,104,0,0,0.0,0.0,0.0,0.0,0.0,0.0,0.0,1.0,0.0,0.0,0,0.0,104
2021-09-20,0,0,0,0,0,0,0,1232,2,0,0.0,0.0,0.0,0.0,0.0,0.0,0.0,0.9983792544570502,0.0016207455429497568,0.0,0,0.0,1234
2021-09-21,0,0,0,0,0,0,0,645,0,0,0.0,0.0,0.0,0.0,0.0,0.0,0.0,1.0,0.0,0.0,0,0.0,645
2021-09-22,1,0,0,0,0,0,0,472,0,0,0.0021141649048625794,0.0,0.0,0.0,0.0,0.0,0.0,0.9978858350951374,0.0,0.0,0,0.0,473
2021-09-23,0,0,0,0,0,0,0,474,0,0,0.0,0.0,0.0,0.0,0.0,0.0,0.0,1.0,0.0,0.0,0,0.0,474
2021-09-24,0,0,0,0,0,0,0,793,0,0,0.0,0.0,0.0,0.0,0.0,0.0,0.0,1.0,0.0,0.0,0,0.0,793
2021-09-25,0,0,0,0,0,0,0,245,0,0,0.0,0.0,0.0,0.0,0.0,0.0,0.0,1.0,0.0,0.0,0,0.0,245
2021-09-26,0,0,0,0,0,0,0,95,0,0,0.0,0.0,0.0,0.0,0.0,0.0,0.0,1.0,0.0,0.0,0,0.0,95
2021-09-27,0,0,0,0,0,0,0,837,0,0,0.0,0.0,0.0,0.0,0.0,0.0,0.0,1.0,0.0,0.0,0,0.0,837
2021-09-28,0,0,0,0,0,0,0,848,0,0,0.0,0.0,0.0,0.0,0.0,0.0,0.0,1.0,0.0,0.0,0,0.0,848
2021-09-29,0,0,0,0,0,0,0,535,0,0,0.0,0.0,0.0,0.0,0.0,0.0,0.0,1.0,0.0,0.0,0,0.0,535
2021-09-30,0,0,0,0,0,0,0,680,0,0,0.0,0.0,0.0,0.0,0.0,0.0,0.0,1.0,0.0,0.0,0,0.0,680
2021-10-01,0,0,0,0,0,0,0,582,0,0,0.0,0.0,0.0,0.0,0.0,0.0,0.0,1.0,0.0,0.0,0,0.0,582
2021-10-02,0,0,0,0,0,0,0,256,0,0,0.0,0.0,0.0,0.0,0.0,0.0,0.0,1.0,0.0,0.0,0,0.0,256
2021-10-03,0,0,0,0,0,0,0,94,0,0,0.0,0.0,0.0,0.0,0.0,0.0,0.0,1.0,0.0,0.0,0,0.0,94
2021-10-04,2,0,0,0,0,1,0,951,0,0,0.0020964360587002098,0.0,0.0,0.0,0.0,0.0010482180293501049,0.0,0.9968553459119497,0.0,0.0,0,0.0,954
2021-10-05,0,0,0,0,0,0,0,1113,0,0,0.0,0.0,0.0,0.0,0.0,0.0,0.0,1.0,0.0,0.0,0,0.0,1113
2021-10-06,0,0,0,0,0,0,0,559,0,0,0.0,0.0,0.0,0.0,0.0,0.0,0.0,1.0,0.0,0.0,0,0.0,559
2021-10-07,0,0,0,0,0,0,0,661,0,0,0.0,0.0,0.0,0.0,0.0,0.0,0.0,1.0,0.0,0.0,0,0.0,661
2021-10-08,0,0,0,0,0,0,0,614,0,0,0.0,0.0,0.0,0.0,0.0,0.0,0.0,1.0,0.0,0.0,0,0.0,614
2021-10-09,0,0,0,0,0,0,0,168,0,0,0.0,0.0,0.0,0.0,0.0,0.0,0.0,1.0,0.0,0.0,0,0.0,168
2021-10-10,0,0,0,0,0,0,0,108,0,0,0.0,0.0,0.0,0.0,0.0,0.0,0.0,1.0,0.0,0.0,0,0.0,108
2021-10-11,0,0,0,0,0,0,0,749,0,0,0.0,0.0,0.0,0.0,0.0,0.0,0.0,1.0,0.0,0.0,0,0.0,749
2021-10-12,0,0,0,0,0,0,0,618,0,0,0.0,0.0,0.0,0.0,0.0,0.0,0.0,1.0,0.0,0.0,0,0.0,618
2021-10-13,0,0,0,0,0,0,0,378,0,0,0.0,0.0,0.0,0.0,0.0,0.0,0.0,1.0,0.0,0.0,0,0.0,378
2021-10-14,0,0,0,0,0,0,0,482,0,0,0.0,0.0,0.0,0.0,0.0,0.0,0.0,1.0,0.0,0.0,0,0.0,482
2021-10-15,0,0,0,0,0,0,0,326,0,0,0.0,0.0,0.0,0.0,0.0,0.0,0.0,1.0,0.0,0.0,0,0.0,326
2021-10-16,0,0,0,0,0,0,0,111,0,0,0.0,0.0,0.0,0.0,0.0,0.0,0.0,1.0,0.0,0.0,0,0.0,111
2021-10-17,0,0,0,0,0,0,0,90,0,0,0.0,0.0,0.0,0.0,0.0,0.0,0.0,1.0,0.0,0.0,0,0.0,90
2021-10-18,0,0,0,0,0,0,0,657,0,0,0.0,0.0,0.0,0.0,0.0,0.0,0.0,1.0,0.0,0.0,0,0.0,657
2021-10-19,0,0,0,0,0,0,0,1046,0,0,0.0,0.0,0.0,0.0,0.0,0.0,0.0,1.0,0.0,0.0,0,0.0,1046
2021-10-20,0,0,0,0,0,0,0,554,0,0,0.0,0.0,0.0,0.0,0.0,0.0,0.0,1.0,0.0,0.0,0,0.0,554
2021-10-21,0,0,0,0,0,0,0,574,0,0,0.0,0.0,0.0,0.0,0.0,0.0,0.0,1.0,0.0,0.0,0,0.0,574
2021-10-22,0,0,0,0,0,0,0,552,0,0,0.0,0.0,0.0,0.0,0.0,0.0,0.0,1.0,0.0,0.0,0,0.0,552
2021-10-23,0,0,0,0,0,0,0,229,0,0,0.0,0.0,0.0,0.0,0.0,0.0,0.0,1.0,0.0,0.0,0,0.0,229
2021-10-24,0,0,0,0,0,0,0,75,0,0,0.0,0.0,0.0,0.0,0.0,0.0,0.0,1.0,0.0,0.0,0,0.0,75
2021-10-25,0,0,0,0,0,0,0,655,0,0,0.0,0.0,0.0,0.0,0.0,0.0,0.0,1.0,0.0,0.0,0,0.0,655
2021-10-26,0,0,0,0,0,0,0,1011,0,0,0.0,0.0,0.0,0.0,0.0,0.0,0.0,1.0,0.0,0.0,0,0.0,1011
2021-10-27,0,0,0,0,0,0,0,587,0,0,0.0,0.0,0.0,0.0,0.0,0.0,0.0,1.0,0.0,0.0,0,0.0,587
2021-10-28,0,0,0,0,0,0,0,736,0,0,0.0,0.0,0.0,0.0,0.0,0.0,0.0,1.0,0.0,0.0,0,0.0,736
2021-10-29,0,0,0,0,0,0,0,592,0,0,0.0,0.0,0.0,0.0,0.0,0.0,0.0,1.0,0.0,0.0,0,0.0,592
2021-10-30,0,0,0,0,0,0,0,179,0,0,0.0,0.0,0.0,0.0,0.0,0.0,0.0,1.0,0.0,0.0,0,0.0,179
2021-10-31,0,0,0,0,0,0,0,67,0,0,0.0,0.0,0.0,0.0,0.0,0.0,0.0,1.0,0.0,0.0,0,0.0,67
2021-11-01,0,0,0,0,0,0,0,486,0,0,0.0,0.0,0.0,0.0,0.0,0.0,0.0,1.0,0.0,0.0,0,0.0,486
2021-11-02,0,0,0,0,0,0,0,787,0,0,0.0,0.0,0.0,0.0,0.0,0.0,0.0,1.0,0.0,0.0,0,0.0,787
2021-11-03,0,0,0,0,0,0,0,1030,0,0,0.0,0.0,0.0,0.0,0.0,0.0,0.0,1.0,0.0,0.0,0,0.0,1030
2021-11-04,0,0,0,0,0,0,0,868,0,0,0.0,0.0,0.0,0.0,0.0,0.0,0.0,1.0,0.0,0.0,0,0.0,868
2021-11-05,0,0,0,0,0,0,0,676,0,0,0.0,0.0,0.0,0.0,0.0,0.0,0.0,1.0,0.0,0.0,0,0.0,676
2021-11-06,0,0,0,0,0,0,0,267,0,0,0.0,0.0,0.0,0.0,0.0,0.0,0.0,1.0,0.0,0.0,0,0.0,267
2021-11-07,0,0,0,0,0,0,0,67,0,0,0.0,0.0,0.0,0.0,0.0,0.0,0.0,1.0,0.0,0.0,0,0.0,67
2021-11-08,0,0,0,0,0,0,0,941,0,0,0.0,0.0,0.0,0.0,0.0,0.0,0.0,1.0,0.0,0.0,0,0.0,941
2021-11-09,0,0,0,0,0,0,0,761,0,0,0.0,0.0,0.0,0.0,0.0,0.0,0.0,1.0,0.0,0.0,0,0.0,761
2021-11-10,1,1,0,0,0,0,0,814,0,0,0.0012254901960784314,0.0012254901960784314,0.0,0.0,0.0,0.0,0.0,0.9975490196078431,0.0,0.0,0,0.0,816
2021-11-11,0,0,0,0,0,0,0,931,0,0,0.0,0.0,0.0,0.0,0.0,0.0,0.0,1.0,0.0,0.0,0,0.0,931
2021-11-12,1,0,0,0,0,0,0,851,0,0,0.0011737089201877935,0.0,0.0,0.0,0.0,0.0,0.0,0.9988262910798122,0.0,0.0,0,0.0,852
2021-11-13,0,0,0,0,0,0,0,294,0,0,0.0,0.0,0.0,0.0,0.0,0.0,0.0,1.0,0.0,0.0,0,0.0,294
2021-11-14,0,0,0,0,0,0,0,149,0,0,0.0,0.0,0.0,0.0,0.0,0.0,0.0,1.0,0.0,0.0,0,0.0,149
2021-11-15,0,0,0,0,0,0,0,1333,0,0,0.0,0.0,0.0,0.0,0.0,0.0,0.0,1.0,0.0,0.0,0,0.0,1333
2021-11-16,0,0,0,0,0,0,0,1043,0,0,0.0,0.0,0.0,0.0,0.0,0.0,0.0,1.0,0.0,0.0,0,0.0,1043
2021-11-17,0,0,0,0,0,0,0,949,0,0,0.0,0.0,0.0,0.0,0.0,0.0,0.0,1.0,0.0,0.0,0,0.0,949
2021-11-18,0,0,0,0,0,0,0,1254,0,0,0.0,0.0,0.0,0.0,0.0,0.0,0.0,1.0,0.0,0.0,0,0.0,1254
2021-11-19,0,0,0,0,0,0,0,1035,0,0,0.0,0.0,0.0,0.0,0.0,0.0,0.0,1.0,0.0,0.0,0,0.0,1035
2021-11-20,0,0,0,0,0,0,0,564,0,0,0.0,0.0,0.0,0.0,0.0,0.0,0.0,1.0,0.0,0.0,0,0.0,564
2021-11-21,0,0,0,0,0,0,0,228,0,0,0.0,0.0,0.0,0.0,0.0,0.0,0.0,1.0,0.0,0.0,0,0.0,228
2021-11-22,0,0,0,0,0,0,0,1984,0,0,0.0,0.0,0.0,0.0,0.0,0.0,0.0,1.0,0.0,0.0,0,0.0,1984
2021-11-23,0,0,0,0,0,0,0,1306,0,1,0.0,0.0,0.0,0.0,0.0,0.0,0.0,0.9992348890589136,0.0,0.0007651109410864575,0,0.0,1307
2021-11-24,0,0,0,0,0,0,0,1052,0,3,0.0,0.0,0.0,0.0,0.0,0.0,0.0,0.9971563981042654,0.0,0.002843601895734597,0,0.0,1055
2021-11-25,0,0,0,0,0,0,0,1572,0,1,0.0,0.0,0.0,0.0,0.0,0.0,0.0,0.9993642720915448,0.0,0.0006357279084551812,0,0.0,1573
2021-11-26,1,1,0,0,0,0,0,1889,0,4,0.0005277044854881266,0.0005277044854881266,0.0,0.0,0.0,0.0,0.0,0.9968337730870712,0.0,0.0021108179419525065,0,0.0,1895
2021-11-27,0,0,0,0,0,0,0,495,0,5,0.0,0.0,0.0,0.0,0.0,0.0,0.0,0.99,0.0,0.01,0,0.0,500
2021-11-28,0,0,0,0,0,0,0,339,0,5,0.0,0.0,0.0,0.0,0.0,0.0,0.0,0.9854651162790697,0.0,0.014534883720930232,0,0.0,344
2021-11-29,0,0,0,0,0,0,0,2473,0,13,0.0,0.0,0.0,0.0,0.0,0.0,0.0,0.994770716009654,0.0,0.005229283990345938,0,0.0,2486
2021-11-30,0,0,0,0,0,0,0,1651,0,6,0.0,0.0,0.0,0.0,0.0,0.0,0.0,0.996378998189499,0.0,0.003621001810500905,0,0.0,1657
2021-12-01,0,0,0,0,0,0,0,949,0,4,0.0,0.0,0.0,0.0,0.0,0.0,0.0,0.9958027282266527,0.0,0.004197271773347324,0,0.0,953
2021-12-02,0,0,0,0,0,0,0,1173,0,10,0.0,0.0,0.0,0.0,0.0,0.0,0.0,0.9915469146238377,0.0,0.0084530853761623,0,0.0,1183
2021-12-03,0,0,0,0,0,0,0,1229,0,11,0.0,0.0,0.0,0.0,0.0,0.0,0.0,0.9911290322580645,0.0,0.008870967741935484,0,0.0,1240
2021-12-04,0,0,0,0,0,0,0,598,0,10,0.0,0.0,0.0,0.0,0.0,0.0,0.0,0.9835526315789473,0.0,0.01644736842105263,0,0.0,608
2021-12-05,0,0,0,0,0,0,0,297,0,4,0.0,0.0,0.0,0.0,0.0,0.0,0.0,0.9867109634551495,0.0,0.013289036544850499,0,0.0,301
2021-12-06,0,0,0,0,0,0,0,2175,0,22,0.0,0.0,0.0,0.0,0.0,0.0,0.0,0.9899863450159309,0.0,0.010013654984069186,0,0.0,2197
2021-12-07,0,0,0,0,0,0,0,1183,0,17,0.0,0.0,0.0,0.0,0.0,0.0,0.0,0.9858333333333333,0.0,0.014166666666666666,0,0.0,1200
2021-12-08,0,0,0,0,0,0,0,1307,0,36,0.0,0.0,0.0,0.0,0.0,0.0,0.0,0.9731943410275503,0.0,0.02680565897244974,0,0.0,1343
2021-12-09,0,0,0,0,0,0,0,1503,0,44,0.0,0.0,0.0,0.0,0.0,0.0,0.0,0.9715578539107951,0.0,0.028442146089204912,0,0.0,1547
2021-12-10,0,0,0,0,0,0,0,1223,0,51,0.0,0.0,0.0,0.0,0.0,0.0,0.0,0.9599686028257457,0.0,0.040031397174254316,0,0.0,1274
2021-12-11,0,0,0,0,0,0,0,486,0,22,0.0,0.0,0.0,0.0,0.0,0.0,0.0,0.9566929133858267,0.0,0.04330708661417323,0,0.0,508
2021-12-12,0,0,0,0,0,0,0,242,0,11,0.0,0.0,0.0,0.0,0.0,0.0,0.0,0.9565217391304348,0.0,0.043478260869565216,0,0.0,253
2021-12-13,0,0,0,0,0,0,0,2071,0,121,0.0,0.0,0.0,0.0,0.0,0.0,0.0,0.9447992700729927,0.0,0.0552007299270073,0,0.0,2192
2021-12-14,0,0,0,0,0,0,0,1601,0,108,0.0,0.0,0.0,0.0,0.0,0.0,0.0,0.9368051492100644,0.0,0.06319485078993564,0,0.0,1709
2021-12-15,0,0,0,0,0,0,0,1334,0,155,0.0,0.0,0.0,0.0,0.0,0.0,0.0,0.8959032907991941,0.0,0.10409670920080591,0,0.0,1489
2021-12-16,0,0,0,0,0,0,0,859,0,135,0.0,0.0,0.0,0.0,0.0,0.0,0.0,0.864185110663984,0.0,0.1358148893360161,0,0.0,994
2021-12-17,0,0,0,0,0,0,0,629,0,126,0.0,0.0,0.0,0.0,0.0,0.0,0.0,0.833112582781457,0.0,0.16688741721854305,0,0.0,755
2021-12-18,0,0,0,0,0,0,0,146,0,34,0.0,0.0,0.0,0.0,0.0,0.0,0.0,0.8111111111111111,0.0,0.18888888888888888,0,0.0,180
2021-12-19,0,0,0,0,0,0,0,99,0,15,0.0,0.0,0.0,0.0,0.0,0.0,0.0,0.868421052631579,0.0,0.13157894736842105,0,0.0,114
2021-12-20,0,0,0,0,0,0,0,1013,0,181,0.0,0.0,0.0,0.0,0.0,0.0,0.0,0.8484087102177554,0.0,0.15159128978224456,0,0.0,1194
2021-12-21,0,0,0,0,0,0,0,672,0,162,0.0,0.0,0.0,0.0,0.0,0.0,0.0,0.8057553956834532,0.0,0.19424460431654678,0,0.0,834
2021-12-22,0,0,0,0,0,0,0,669,0,147,0.0,0.0,0.0,0.0,0.0,0.0,0.0,0.8198529411764706,0.0,0.1801470588235294,0,0.0,816
2021-12-23,0,0,0,0,0,0,0,691,0,175,0.0,0.0,0.0,0.0,0.0,0.0,0.0,0.7979214780600462,0.0,0.20207852193995382,0,0.0,866
2021-12-24,0,0,0,0,0,0,0,170,0,68,0.0,0.0,0.0,0.0,0.0,0.0,0.0,0.7142857142857143,0.0,0.2857142857142857,0,0.0,238
2021-12-25,0,0,0,0,0,0,0,115,0,74,0.0,0.0,0.0,0.0,0.0,0.0,0.0,0.6084656084656085,0.0,0.3915343915343915,0,0.0,189
2021-12-26,0,0,0,0,0,0,0,113,0,99,0.0,0.0,0.0,0.0,0.0,0.0,0.0,0.5330188679245284,0.0,0.4669811320754717,0,0.0,212
2021-12-27,0,0,0,0,0,0,0,753,0,438,0.0,0.0,0.0,0.0,0.0,0.0,0.0,0.6322418136020151,0.0,0.3677581863979849,0,0.0,1191
2021-12-28,0,0,0,0,0,0,0,416,0,312,0.0,0.0,0.0,0.0,0.0,0.0,0.0,0.5714285714285714,0.0,0.42857142857142855,0,0.0,728
2021-12-29,0,0,0,0,0,0,0,366,0,294,0.0,0.0,0.0,0.0,0.0,0.0,0.0,0.5545454545454546,0.0,0.44545454545454544,0,0.0,660
2021-12-30,0,0,0,0,0,0,0,407,0,237,0.0,0.0,0.0,0.0,0.0,0.0,0.0,0.6319875776397516,0.0,0.36801242236024845,0,0.0,644
2021-12-31,0,0,0,0,0,0,0,48,0,71,0.0,0.0,0.0,0.0,0.0,0.0,0.0,0.40336134453781514,0.0,0.5966386554621849,0,0.0,119
2022-01-01,0,0,0,0,0,0,0,63,0,142,0.0,0.0,0.0,0.0,0.0,0.0,0.0,0.3073170731707317,0.0,0.6926829268292682,0,0.0,205
2022-01-02,0,0,0,0,0,0,0,46,0,102,0.0,0.0,0.0,0.0,0.0,0.0,0.0,0.3108108108108108,0.0,0.6891891891891891,0,0.0,148
2022-01-03,0,0,0,0,0,0,0,294,0,234,0.0,0.0,0.0,0.0,0.0,0.0,0.0,0.5568181818181818,0.0,0.4431818181818182,0,0.0,528
2022-01-04,0,0,0,0,0,0,0,46,0,60,0.0,0.0,0.0,0.0,0.0,0.0,0.0,0.4339622641509434,0.0,0.5660377358490566,0,0.0,106
2022-01-05,0,0,0,0,0,0,0,11,0,51,0.0,0.0,0.0,0.0,0.0,0.0,0.0,0.1774193548387097,0.0,0.8225806451612904,0,0.0,62
2022-01-06,0,0,0,0,0,0,0,0,0,1,0.0,0.0,0.0,0.0,0.0,0.0,0.0,0.0,0.0,1.0,0,0.0,1
